"","Naive","Seasonal_Naive","RW_with_drift","ARIMA","SES","ETS","Theta","TBATS","Neural_net"
"1",0.916494165078119,0.92068660661658,0.921345083941798,0.913795533440591,0.909454279110239,0.909454350469558,0.911017341856098,0.911762638361616,0.908187913769543
"2",0.0268208972169124,0.0193049573430061,0.11378284259806,0.115124369094645,0.0264080152594163,0.0264080152594163,0.0919516733277772,0.0262299464152207,0.181978733025834
"3",0.707904907890969,0.700582722264127,0.622120181118865,0.629571592408666,0.709713087880679,0.709713087880679,1.98179133931155,0.709705019198771,0.721560627352037
"4",1.56786824779303,1.62589612647999,1.57658332587588,1.58273335220221,1.58296417894781,1.60133901812684,1.430151562485,1.66273046151636,1.400917478171
"5",0.769597196010598,0.655522717488306,0.767264717614654,0.712977086045306,0.709290325887178,0.709296549737585,1.08309427489575,0.733272779081016,0.887181806826655
"6",0.405788359510172,0.411978468615875,0.295812506332626,0.11675740229052,0.405789026262713,0.405789026423962,0.296894427119127,0.292638268175804,0.263402444171596
"7",0.18975978248673,0.323798394121464,0.277204044975438,0.216616486323518,0.349062459644505,0.227207371795514,1.48808765563045,0.262109502766943,0.644602241623612
"8",1.51367010892787,1.63528108178899,1.47676836970067,1.53921923480838,1.5136804234151,1.50606857641133,1.5518676330624,1.50158173210021,0.879714257289591
"9",1.23855051398963,1.20431702559615,1.30451545875992,1.23057165292419,1.23703774996106,1.23703787902771,1.32004145544888,1.27508507375231,1.36563303554742
"10",0.534570509454093,0.421715687575208,0.535982330295038,0.471519748912586,0.478833398251637,0.478792952134919,0.837331263113654,0.466087829420244,0.714247015287536
"11",0.388044731195149,0.320195872494867,0.263113775498997,0.201854433279627,0.288638307877874,0.152656221814456,0.345798357067169,0.250524014544918,0.29210982755118
"12",0.3845785601085,0.359544592945947,0.392894887258518,0.370475234530584,0.371439344992112,0.371454490031996,0.506179181147337,0.371946552600775,0.395951674619383
"13",0.72300817885581,0.789205418967928,1.11025403516134,0.748892116784058,0.723003911323148,0.723003911323148,1.80650883014936,0.724216352925061,1.74266282983632
"14",0.00534612898331232,0.00759926675716344,0.120827601061734,0.118022309777108,0.00534612898330966,0.120520120630482,0.127954514363396,0.054950087046064,0.0107526755034434
"15",0.401127590592686,0.375927716379854,0.307948844683641,0.318707430333098,0.401127123519782,0.429117210354848,0.36537000367791,0.282695375138827,0.390173051069828
"16",0.398656356751283,0.450205321776818,0.29060247631709,0.220771141562944,0.398675550791523,0.398675550791523,0.36970035386057,0.368433644426366,0.186018424549594
"17",1.28321089441399,1.4522752588746,1.29077831479202,1.39713665268475,1.27262197158525,1.27262197158525,1.42821915206443,1.80875400604462,1.33260399495643
"18",1.24300827410742,0.974595307225747,1.5638487672223,0.625895475488326,1.2429838271285,1.2429838271285,1.93422109525603,1.26311286749352,1.35394302578419
"19",1.119318116419,1.13875498464959,0.980887985605647,1.03635613122475,1.11933696220983,1.03672187896083,1.28617464495148,1.07325925243207,0.680627413087942
"20",0.949460416232876,1.06807143470307,1.03118531184093,1.03794716614554,0.995338237038943,0.995329608565718,1.38468882729417,0.995292582441682,1.25071940052656
"21",0.269840244212472,0.399238143450863,0.17874941472498,0.204704774405874,0.279665080959501,0.27966219965788,0.266746568741269,0.279420293228207,0.3431785264089
"22",0.141317194391166,0.159300026438057,0.164664118177105,0.141564141022968,0.141788096472376,0.142038343874734,1.99949243834527,0.145703059439696,0.142108566583877
"23",1.67380498957035,1.55534540868757,1.80392014740901,1.67056537556702,1.66947910227871,1.66990072295983,1.60658816658245,1.6068076368934,1.625231177514
"24",0.186102498181629,0.20653243333855,0.156810219157949,0.0968804310411298,0.185474147991642,0.0937935612034684,0.174207162723239,0.102439745340012,0.477068374850973
"25",0.190613510863123,0.299718180055343,0.154797585092627,0.150145154790809,0.206080438287895,0.15071490468037,0.406981791547493,0.165167313388373,0.167305159360803
"26",1.81772178628212,1.45747908343215,1.17160001800185,1.58327038785786,1.81766857013739,1.81766857013739,1.37253906284024,1.53698691210425,1.16917222967676
"27",0.112415953382257,0.228571353408548,0.0726226272303595,0.0859992795763018,0.154823021919887,0.0716941049728623,0.136119708846689,0.0472101745477324,0.139632197531955
"28",0.140447418994732,0.230682989965205,0.230498720721245,0.228310679600986,0.143488323190814,0.143470647266023,0.138994307130659,0.143320550600577,0.164447810589731
"29",1.18278052065233,1.14559690551966,1.20178062871121,1.15573657097992,1.17906643687206,1.17906769308874,1.5773429007799,0.995960347845985,1.13344391563667
"30",0.364389481546772,0.287315445392224,0.434998566653525,0.278254989518664,0.281624433108891,0.310945047505023,1.109236133455,0.287407124954048,0.205058204584826
"31",0.430670100761494,0.433383985356785,0.379048057102149,0.430670100761494,0.430669617462894,0.430669617462894,0.423563360455778,0.430823334281915,0.36992495696554
"32",0.822867339740213,0.782471142708529,0.827116157508903,0.812158303622329,0.809672812430788,0.806953398592601,1.69376166744223,0.80682942144549,1.36362939936616
"33",0.662191466261278,1.28184829364969,0.709716426269958,0.830218962117024,0.669747600878969,0.520004322229349,0.856560783061971,0.534610757459396,0.60915617992077
"34",1.80735617651192,1.86081403747377,1.80996121136644,0.266831232919126,1.80735942775437,0.861748152538137,1.80806723800872,0.562794359835318,0.721613130643514
"35",0.436556066463295,0.532046799610854,0.327824959535463,0.270252521328957,0.436560640032517,0.198328650915385,0.474413322034428,0.310156507267149,0.555051951636006
"36",0.996714220686603,0.974273938943096,0.905950791977073,0.972094604271997,0.998599793428595,0.998599793428595,1.17615255028807,0.956044945440296,0.859996445566307
"37",1.29353400219913,1.71905319817158,1.29602711571328,1.58019740165101,1.29352855256119,1.29352854946943,1.68105411857038,1.60822951569124,1.43505326130767
"38",1.19440939420476,1.2897416174196,1.18927013915912,1.27927591852808,1.19440982683322,1.29144028316716,1.16841871744741,1.31691068846317,1.41798107006237
"39",1.5702979231554,1.63007468301521,1.58647399953548,1.59822700979419,1.61215239701301,1.61215239701301,1.66464231810551,1.60513589321883,1.2591655599017
"40",0.33433503989294,0.892000861996276,0.354167771634676,0.352310918912576,0.35841288075948,0.35841288075948,0.694148093310609,0.358426255915479,1.14429552727301
"41",0.33433503989294,0.892000861996276,0.354167771634676,0.352310918912576,0.35841288075948,0.35841288075948,0.694148093310609,0.358426255915479,1.32181001798456
"42",1.97128441393718,1.98296886753857,1.96599484329799,1.10470729179785,1.94296513733722,1.94294942725205,1.42776530799793,1.96416012172018,1.27176655586591
"43",0.17209609509099,0.167746267107464,0.179732648339212,0.511418864194061,0.159721474098012,0.159717597756363,0.212725954011732,0.554969695099022,0.86851585566825
"44",0.228484441429418,0.214887803761607,0.32913616114866,0.225216785062777,0.228482559173754,0.228482559173754,0.331374345818137,0.205741233644101,0.18728175495018
"45",1.90819666084059,1.92787093234664,1.90842695069257,1.91133582801259,1.90917262604163,1.90917262604163,1.8824817901283,1.90918998593835,0.951293151829821
"46",0.494113718579604,0.464361830502139,0.540187279711828,0.26921363276825,0.265636278743012,0.265642940557226,0.497623668703626,0.305507852930153,0.367704492556493
"47",0.690453947507178,1.22537254256154,0.844587827224184,0.627140718205215,0.690778578196174,0.690757413836706,0.640406659286602,1.44565541681549,0.789205602596601
"48",0.139681514600499,0.207282420428842,0.20450756180872,0.266973083841012,0.139690546438375,0.139690546438375,0.23843961271798,0.2760933724189,0.236660277807606
"49",0.545453636269887,0.584407964566144,0.598618854600597,0.522808661449456,0.525654842521133,0.525654842521133,0.883025909895546,0.532403260767205,0.680242073695051
"50",0.99819591269601,0.819025661697436,1.16301145973405,1.08427104774499,0.998181886110681,0.998406323421566,0.995585263422233,0.996112495377299,0.986801244387484
"51",0.245989539456179,0.187793503646936,0.149631844772121,0.153355587386178,0.245993730012455,0.149588832931937,0.192533872301194,0.229773656537336,0.193575212891736
"52",1.49880230136038,1.48173532407138,1.58192801403436,1.24521862016733,1.49778901856905,1.49778901856905,1.512476435872,1.48518236063414,1.09684415610451
"53",0.842322324350834,0.788684678389586,0.775296603809656,0.830008407864208,0.829906893247791,0.829906893247791,0.740336880228304,0.829676470868664,1.50080217336322
"54",0.266786379553183,0.421635570418564,0.156908260646953,0.0830062289477083,0.266789916899103,0.07885002800422,0.280366458619005,0.0929829596551046,0.198932833693351
"55",0.401724379497897,0.374962991995501,0.308452718861313,0.320060346041165,0.401723847739961,0.431531685636553,0.365783608354096,0.284293616221561,0.393169381867321
"56",0.178001682747223,0.222200769641791,0.103644979474389,0.168052444594808,0.178011997844703,0.178011994020559,0.13844797979343,0.174061567868971,0.0746894627029024
"57",1.10184343601436,1.61069491962372,1.08452885505831,1.78313454940757,1.27620024814331,1.27629022063865,1.94358128291331,1.31282840940876,1.70033198911995
"58",0.574756323139323,0.721648038781411,0.462668166909072,0.294024171913297,0.591090609840725,0.591014675918932,1.93903474520869,0.468352706318845,0.254180216147015
"59",0.413105539627671,0.432974995566219,0.353277372599594,0.285770502261696,0.346546002068281,0.346572189744404,0.838150262341031,0.357001457028839,1.41883766399378
"60",0.295692135289392,0.313080209369849,0.235455058920621,0.233765231330623,0.295693037399278,0.295693037399278,0.27521339540779,0.295275449971477,0.385572770558268
"61",1.6823605248537,1.27382605233436,1.94233656015436,1.37583636231456,1.2501977451789,1.25024539397789,1.53859337677114,1.34805330165449,1.58153206405328
"62",0.101591004272183,0.100997963462936,0.071256454461398,0.0808456978597309,0.0897588742070593,0.0788307426186377,0.0765396715612633,0.0644202989341062,0.0877468007297072
"63",0.604977075442519,0.731010490887879,0.607385063228986,0.61174819087447,0.625200472752124,0.625190050042666,0.931227600389197,0.604978218564743,0.707037173421742
"64",0.0978977454640046,0.0756793038268867,0.214106924524694,0.222587300087147,0.0978967430670807,0.139418999802457,0.153122638078561,0.139220385507641,0.110314398213692
"65",0.207422686668392,0.138645663657354,0.173872766634987,0.204084219901425,0.207419958848794,0.207419958848794,0.327738637078085,0.251545240479325,0.216396005274462
"66",0.249364208478306,0.367434158178143,0.16077281581184,0.173420224097033,0.273838583937939,0.172944759527208,0.440027083791,0.190801928767269,0.378869486416232
"67",0.180425639550213,0.15125442932487,0.0752654197680757,0.0654743292381002,0.150737229195368,0.0652752790935929,0.347386214453965,0.0621746540703581,0.0831198675074461
"68",0.0514663233905418,0.0558763635721937,0.0383375024138958,0.120696837026671,0.0518283908820895,0.0518283908820895,0.392589053831564,0.105423116071665,0.0388307352885827
"69",0.100647284273065,0.155156771724415,0.164739204766777,0.214288447731532,0.132269088512097,0.240013500484268,1.60766617017155,0.112615318235394,0.263602855645034
"70",0.583448199344921,0.491514799210584,0.461216045602933,0.532232796013399,0.584403408520571,0.584403408520571,0.464652571716151,0.584450065193549,0.287555107255983
"71",0.273241672204815,0.58214943816701,0.173646365632319,0.17364636563232,0.274666153168177,0.274666153168177,0.464799486526038,0.402233785338813,1.01294986704795
"72",1.03318300473718,1.02389693897238,1.07322861294208,0.941901756774276,1.09716306010827,1.09716306010827,1.05420738977844,0.935812699313762,0.959539822638245
"73",0.104680873273231,0.220832275268271,0.0787197656842578,0.0784015604278452,0.151623169467107,0.068993733606065,0.148303077972144,0.13856134319206,0.119958578423488
"74",0.698354288738816,0.677785957024673,0.694986526433626,0.664232721116445,0.678816152906159,0.678816152906159,0.695568396991248,0.678805097159149,0.976418550887139
"75",0.546423545154723,0.456932984841583,0.514622191810778,0.467993052090659,0.521702838531885,0.52175227371638,0.516936644787629,0.541047514967653,0.439420769966806
"76",1.69007991612176,1.7208664628629,1.69233978883423,1.68417426444092,1.69130715528413,1.66246148055857,1.70268324929576,0.513173027031419,0.292255502218149
"77",1.14701310947926,1.1914356716226,1.10221512426349,1.13761057656204,1.14701571864377,1.06984037517368,1.14426686567015,1.16083086082468,0.955627628510682
"78",0.146347168418119,0.124442411686802,0.0570975066650942,0.0800249507474717,0.148338564741512,0.0574705183695549,0.0901066077317,0.148417515388676,0.147372983312043
"79",0.139931358958862,0.230378974657416,0.229901456951677,0.22824519173316,0.14308143563289,0.246040378240522,0.138804401599976,0.142915809462443,0.167737692288824
"80",1.53383307256811,1.64768129329431,1.56768918084466,1.76486812866098,1.67693283466585,1.83255353283153,1.57231047070181,1.81326430681214,1.45304411185774
"81",1.64522239016614,1.5765432597564,1.65658262044967,1.60658200639654,1.6182597492592,1.6182597492592,1.60480324901485,1.61825872468968,1.60507279912767
"82",1.60389452796227,1.39569697674941,1.80910199228845,1.32831730373752,1.45516577133401,1.40944926989191,1.33560071067927,1.10973652113117,1.40558340619612
"83",0.973082569350118,0.84803165410641,0.982471434667326,0.892769399920572,0.892638621812527,0.892643802152788,0.930841460435704,0.892693014444063,1.04192723474568
"84",0.154660315831532,0.170703051048267,0.151261838841076,0.125722928175523,0.155430951680216,0.135129867737808,0.300782229229121,0.136731812088106,0.145364713642168
"85",0.0945102331386282,0.18087587879794,0.208470040336251,0.208470040336147,0.0945124892964094,0.218825384681893,0.138983869668482,0.0641643334227815,0.244475922122681
"86",0.523634840739722,0.349055160525333,0.400746696366737,0.259240731279126,0.374399293735008,0.374372286905287,0.359247296159913,0.374764410303156,1.65009608305904
"87",0.261016549599621,0.575837815456266,0.226699509356353,0.264288753386875,0.287858112328468,0.28784190575097,0.302078541170506,0.362343029282874,0.250047820953325
"88",0.224105977653635,0.225724969789105,0.185806576771985,0.180058336498546,0.224468662918973,0.224468662918973,0.353771103085188,0.231029319100141,0.217896427169398
"89",0.0706940114066269,0.0955455367096646,0.0456700699645679,0.0434838909557071,0.0706951864157165,0.0153374382105226,0.0287011490369475,0.0408347737171806,0.0421228468740717
"90",1.94383865972399,1.37649730626623,1.81912883851763,1.40020345696101,1.94395423962824,1.94395423962824,1.72721292697644,1.38419674518957,1.11455676166116
"91",0.46403591401871,0.434945149194374,0.431169362479513,0.679121695553652,0.467412646766401,0.467412646766401,0.524754786927919,0.441699499833192,0.473014170170194
"92",1.83911208776223,1.16021872704309,1.47790289973098,1.53971509500374,1.83888817420645,1.50437733805077,1.31687787168429,1.51801872163176,1.95103344672299
"93",1.24635175648117,1.50191572508922,1.23940145266563,1.79166329970895,1.27981519665648,1.27987743529149,1.27778282064712,1.33966736743046,1.56903763618873
"94",0.564993250880072,0.520872563117125,0.6081887262092,0.329561226583709,0.358309713004414,0.358242464324822,0.659000660811911,0.357869260668405,0.22548471487327
"95",0.117295610713444,0.231416090127376,0.0684780268896143,0.0675893683542895,0.15399675204688,0.0683669663319449,1.13186912860866,0.0513792436005045,0.0994646815033743
"96",0.0265539083144126,0.0778202138408179,0.100620091978915,0.116131062198212,0.0265843883106539,0.0561116590259034,0.0834608248392045,0.0577705010903953,0.0410211474159524
"97",1.60720883128387,1.37277643264854,1.42804334397139,1.27381430038668,1.6107772403633,1.24186238265459,1.918787904699,1.24003387233316,1.36953943057672
"98",0.716880442068414,0.490322550561335,0.652806686734379,0.590952660820249,0.716844307946724,0.716844242293581,0.752068763660116,0.587470695930877,0.923807158332514
"99",0.0454746305690054,0.0589048739077421,0.0299449825150296,0.0451127107210167,0.04571557837931,0.0457166754853559,0.0358359879048108,0.0251021665148009,0.0353854754613471
"100",0.0989345429795274,0.0994033266977318,0.0794344866149648,0.11825065313471,0.0876392006264666,0.0862614565271478,0.0821608090019715,0.0706344099358789,0.0978370763827572
"101",0.329240291760593,0.65117369357941,0.252778398483023,0.506417243908756,0.518474298966423,0.518509399346842,0.779020588772183,0.518800247359626,0.473122792169177
"102",0.287879689612194,0.329928910301043,0.3020487891063,0.279272611619523,0.276930105251027,0.276930105251027,1.38909564637934,0.276917886557842,0.319827614693247
"103",0.833521329506355,0.914366367413654,0.933762190191052,0.898211967473149,0.85327151445801,0.853293464652977,1.40214794010905,0.85852898124202,0.695558966861968
"104",0.34987512870019,0.357280785748133,0.263732936057267,0.259901249868803,0.349874829809398,0.263844063748714,0.297365913658687,0.349873255149489,0.408614342213468
"105",1.19258485429188,1.2549889185672,1.15943700057064,1.18186956709107,1.19258815774604,1.13389723302268,1.18687012219824,1.21711529878235,1.13282940517273
"106",0.433735368354655,0.550232570551769,0.442181563548392,0.422650876058069,0.425865609147371,0.425865609147371,1.82981508260415,0.42268417210947,0.34451990796775
"107",0.384639335554962,0.967438790510294,0.383196967249933,0.458507766757555,0.68418123893937,0.684261652482697,0.930220213084516,0.461889677735613,0.351371518074907
"108",0.211715284344408,0.282595281265715,0.078978995511799,0.0333793712165068,0.211714598158906,0.172413692107352,0.197059378717739,0.0329163170049049,0.169493436230561
"109",0.00563396249284772,0.0114195882785185,0.119778038641899,0.121850882699339,0.00563396249284249,0.121838557378904,0.0867282608716813,0.0886235304294932,0.00959505982463292
"110",1.10017919505923,1.54559365606177,1.09313634789104,1.14719161456305,1.14984200608984,1.14993898779352,1.3846229848726,1.45441543754031,1.65597120078545
"111",1.55828350531956,1.70018849072396,1.70684802991569,1.69640550892212,1.74818951584725,1.74815049040127,1.72618426523814,1.81169860727559,1.67858207743052
"112",0.928622707519606,0.945885780984439,0.823765977719647,0.808520098937386,0.928653554551207,0.828774115520157,0.864380140930068,0.937178754404092,0.958957999927374
"113",1.65116799975517,1.37881762865952,1.65974752348665,1.5962663948396,1.61966541377899,1.6196642044477,1.62097923762125,1.62990632618956,1.40451734306151
"114",0.169280890079053,0.1925210013061,0.185639115574876,0.174785183413996,0.169281832761321,0.169281832761321,0.601242049997007,0.169291467857615,0.181040792300131
"115",0.347726786501447,0.393443046754687,0.342493830076284,0.421709217840455,0.348328312269491,0.348327003156733,0.439670420923113,0.407095017771154,0.467881884000048
"116",0.114713521516446,0.101684602669399,0.163411011968335,0.171986221010581,0.11470999540165,0.144256098048677,0.148211043553215,0.144414976183883,1.46144704928396
"117",0.239673788739351,0.200763184145143,0.330561083638591,0.224880370103702,0.239672637977386,0.239672637977386,0.500436106782642,0.240114748380305,0.163080953249095
"118",0.611777835662482,0.576933979481744,0.569299085405411,0.428883320270947,0.485857992193597,0.485853954816934,1.56513434390769,0.545893466399361,0.82112337655488
"119",0.216254198304447,0.248046717062624,0.302759029240963,0.298413709001752,0.215573883194302,0.21556815127619,0.263832138700728,0.215571479966807,0.164090766901389
"120",0.253504214664305,0.259336568081492,0.167223769927331,0.189008352820632,0.181010324951542,0.181005877047812,0.506436435220434,0.197864664072217,0.313046333673829
"121",0.258987702534042,0.287686178915632,0.376500015904276,0.357892773191164,0.258955160437663,0.377006477185759,0.383195631730693,0.258957405645602,0.366718256743037
"122",0.1103820942428,0.139983820385658,0.102651212297985,0.119740480695398,0.113638600087943,0.115851849358236,0.781773653707079,0.122283527913217,0.101504113432876
"123",0.321389703556009,0.756074825738193,0.262677189287921,0.527518988378015,0.353587224239997,0.35358295973288,0.320774133992861,0.353601214271822,0.934718279895289
"124",0.531238260609686,1.23554026531565,0.527740633752672,1.52176361167242,1.55362218781647,1.55307391173564,1.71833937158657,1.76580114550812,1.52292650397307
"125",0.602891849903537,0.656023484301239,0.535827831001872,0.6122184020123,0.606594157824435,0.606594157824435,0.776179912894423,0.606570135244121,0.663255355761835
"126",0.597372036215994,0.57849169009186,0.628492290133533,0.410319396909307,0.433514040959952,0.433498102487272,0.477589481553543,0.433494508238694,0.405107529595712
"127",0.317487392404921,0.322451216659896,0.230828902484426,0.0859307586943333,0.317483199155892,0.10165421092591,0.315169034283064,0.105780080404837,0.261826961362184
"128",1.32725132203549,1.63921340728435,1.33437973009681,1.204354678349,1.31291136640263,1.31293739260046,1.47302842793734,1.21632108683735,1.32200790217218
"129",1.89695723477116,1.94481600524991,1.89783014146227,0.726242615594665,1.89695911561208,0.604362000557659,1.90272447354053,0.731276069882397,0.620316401839879
"130",1.22346844682949,1.32602161874918,1.19370933487996,1.21819875898076,1.21897108039836,1.22400631507133,1.28764280043477,1.25817629188146,1.73092736230595
"131",0.760058165500972,0.795883532736117,0.717087118810159,0.768276380860411,0.760058393631156,0.757760695097164,0.773630576581972,0.759508425281283,1.38179672173374
"132",0.0387001741959639,0.0864125347205599,0.146945660368384,0.0323170721820821,0.038698394349867,0.106084337401077,0.17136768960589,0.0876019190084084,0.0416749462424891
"133",0.229301974508198,0.197712580036183,0.103221907076752,0.0698132192164905,0.197034010005534,0.0678674480948366,0.162198649094616,0.057532769152274,0.067551950219753
"134",0.722138292589461,0.705807713318163,0.614672703537086,0.752792090217399,0.721849127202175,0.744504195417247,1.0665205847927,0.733056475740671,0.658547575867776
"135",0.382902086255219,0.35173908358132,0.636179386318013,0.395911332706866,0.375322377814879,0.372300922084125,0.491096596025082,0.423211098207597,0.376028487951292
"136",1.42347655202804,1.46064899924629,1.43737613934533,1.41571864066961,1.41421040736682,1.41421150660817,1.50505473214971,1.41420857111333,1.34199026853435
"137",0.0918466482715631,0.100378028689336,0.119569764229963,0.161245826216039,0.0918467256306122,0.156791755726982,0.105808940771378,0.156772042337514,0.103673423936103
"138",0.10354823095617,0.160292986974474,0.0741807416684727,0.0734185563151803,0.105426329117696,0.0719571478183562,0.158660548560234,0.0711046791611906,0.176808261092827
"139",0.125601213918847,0.248421137660275,0.076736644918854,0.0889382881889394,0.155749284601375,0.0767722276221175,0.673033062069327,0.0629090467932486,0.118839236060841
"140",0.16580508582752,0.217165028816519,0.0537480779181253,0.0558169268729408,0.170178782626086,0.0667983097244004,0.245850071799275,0.179715044336682,0.162103452436772
"141",0.244135471100321,0.236498060859048,0.296270715821363,0.244135471100321,0.24413640794003,0.24413640794003,0.271864128277264,0.276543851551595,0.865234183496592
"142",0.4956284499684,0.47894344543357,0.470308668887914,0.490985806485312,0.495603148246825,0.495603148246825,0.544303457905692,0.495470412648277,0.67786866454863
"143",0.308930990736805,0.31352202941391,0.298872585699403,0.307239139926419,0.307587074756685,0.307587074756685,0.298959582532401,0.30722658054295,0.330586305816193
"144",0.0289523352109168,0.0706436125297916,0.0935206636465821,0.108648853150516,0.0290554900323581,0.0593919903327272,0.0733852901262921,0.0613851176384484,0.0292085982213828
"145",1.21268163802658,1.20955916388094,1.23973395068075,1.71266767583751,1.2126704851984,1.21267001200968,1.25474960610854,1.65300274871706,1.27783549652127
"146",0.705423265329339,1.11838205403971,0.456546037640681,0.705423265329339,0.705441617156315,0.705441617156315,0.852213145530193,0.994105856938545,1.13644943881054
"147",0.469867051528229,0.36280225026093,0.277970434366418,0.215381075006831,0.469876192697076,0.469876192697076,0.302062207978276,0.431281410560841,0.239893640098676
"148",1.48849417783456,1.55345348285403,1.48824320830178,1.48016623896449,1.50236431076512,1.50236431076512,1.55974318338071,1.50224910478371,1.45420450794108
"149",0.463352873223671,0.356948382268667,0.274319608473428,0.211368044299529,0.463362019518829,0.463362019518829,0.294386260684126,0.462993935739336,0.24572134717639
"150",0.122764233710547,0.164614634725483,0.0420085911147639,0.0407627658066466,0.132930978678977,0.0443202565183513,0.157450404071575,0.0406474735592122,0.127344107245702
"151",0.0824461134249641,0.0813782363515752,0.205930386418694,0.0967250118846131,0.0824461146587484,0.107454472961533,0.129477265830955,0.082852451677834,0.107102459967344
"152",0.249672610172338,0.230495624345083,0.26737990264825,0.434235024078351,0.250532978543675,0.250532978543675,0.227883263838524,0.252509155134361,0.674027435093207
"153",1.84366017956531,1.10255337355466,1.44031124801695,1.8893182153387,1.8436688539357,1.89218313460359,1.29589829334746,1.88006076785597,1.86488071386254
"154",1.02733480668996,1.1029130303681,1.02497301381888,1.03169044900821,1.03231997868213,1.03231997868213,1.03747840590827,1.03234966555237,1.61346601946058
"155",1.20214506316222,1.38614059115859,1.22265872916793,1.16081019744724,1.19882896540433,1.19884172716426,1.25125319939407,1.17087226456152,1.32741040852686
"156",1.67411776321028,1.55985320570601,1.62570988040222,1.92486550982301,1.53455822108424,1.53458131415649,1.66959063663355,1.72937446999775,1.84671791454967
"157",1.45710026268701,1.56027911279272,1.49436195929402,1.81372699383685,1.5721156357412,1.57201908533032,1.71329483430134,1.57246938558088,1.43651990856321
"158",0.140964172206801,0.230987497377775,0.231096697930516,0.228665861326192,0.143896184192975,0.235466020117774,0.139229402218856,0.143746983831015,0.165210273992606
"159",0.118740016225156,0.301439337168199,0.1805474741469,0.110620137238099,0.192288443300014,0.113098343600351,0.317046831516067,0.184146706128079,0.172270890669026
"160",0.0896906907952986,0.14660239828237,0.138778835446309,0.192345498148419,0.111646118399667,0.210166612421972,0.237530603144098,0.0992566438608781,0.602545912397364
"161",0.112756203121549,0.136529724748657,0.163609176707802,0.159682683774627,0.112760731743208,0.101667699908164,0.161557688268393,0.130820385426736,0.107095748545031
"162",0.619731548494981,0.956123219047186,0.620821110822747,0.627288177556851,0.658244535036451,0.658244535036451,1.82592837652236,0.686942276590693,1.17999700836161
"163",0.0808926829017177,0.086470814258436,0.0399781016813952,0.082508340352822,0.0816051812463322,0.0816051812463322,0.12980688354513,0.0816552217255832,0.0584155794686842
"164",0.215284825009179,0.234831431550346,0.300345365652529,0.294631050472924,0.213819890054889,0.323043835519269,0.26520244220146,0.213793277914978,0.141743224900903
"165",0.369285146282566,0.52484352170927,0.345989300731348,0.416471335820313,0.409769647748994,0.409759981513475,0.811016488522618,0.398436833000436,0.2676567145895
"166",0.225798613054257,0.281242234593467,0.132397258625801,0.0257063450792608,0.225798828538858,0.0255873455932929,0.184854333486595,0.0257756337918413,0.100338297849822
"167",0.343765668150238,0.40631268023643,0.335695351383046,0.341730036289443,0.343767375391128,0.343767372895316,0.343435191478202,0.365840154196715,0.409369234801221
"168",0.842322324350834,0.788684678389586,0.775296603809656,0.830008407864208,0.829906893247791,0.829906893247791,0.740336880228304,0.829676470868664,1.25049915632732
"169",1.28178379603701,1.59300392213539,1.25531344702699,1.34802558445025,1.30956332351525,1.30956332351525,1.36170941593735,1.27391383242629,1.35079126319563
"170",0.302497679507237,0.341828299540318,0.21758325448164,0.302497679507237,0.302548212286968,0.302548212286968,0.224426620386025,0.30289269005989,0.129242618447303
"171",0.994643478188569,1.19847181917536,1.53806833904569,0.967829103598283,0.994638857057439,0.942165210966535,1.3920377703375,1.0084795632808,1.55428134782086
"172",0.363845387749924,0.37511472784582,0.434904456387883,0.322341453138919,0.363534973723786,0.363534973723786,0.463011473566235,0.392119546080817,0.650228430081768
"173",0.242957079060989,0.18495592493168,0.148015739250573,0.151831987882325,0.242961243409882,0.24296123259115,0.19426658013121,0.226655401174477,0.179482514169508
"174",0.233716346982761,0.236936099725974,0.215333140785331,0.234307734400659,0.234308527315993,0.234308527315993,0.484447997803052,0.234308498419543,0.272434564021384
"175",0.27186863144541,0.192165658578973,0.206025878975539,0.207479627306257,0.255638628483787,0.242762594662139,1.98393332698142,1.31591490500576,1.14839077131876
"176",1.48671547658836,1.37426683896539,1.48910611748528,1.93951569267161,1.6950525773854,1.6950525773854,1.64947605671241,1.51742163398935,1.6294880702913
"177",0.471451216001672,0.38900035867811,0.533675202248752,0.519825389759955,0.463467148459964,0.463467148459964,0.401814819169307,0.509129030890803,0.60192838987969
"178",0.107557585225168,0.167953561573389,0.0716821051848285,0.0709731007513696,0.109599602716734,0.066514888153799,0.122504009524049,0.0757977293801028,0.185750694901924
"179",0.20346137397284,0.321024053884749,0.147036309714944,0.142934656706228,0.212297494847765,0.212297494847765,0.376076109612271,0.211980951266598,0.300718541122327
"180",1.39051580777551,1.15107232024494,1.35748047968265,1.56618294792365,1.61459572827349,1.61459605838424,1.62858961066968,1.44022818100404,0.0206509932927919
"181",0.234804678124235,0.239023573950186,0.206994901432784,0.149820792375484,0.234802951488988,0.350075179129748,0.261101834347992,0.244160506737711,0.207808320819064
"182",0.400557684545918,0.539197237516049,0.316435670340879,0.439067780726296,0.459352226511714,0.45935496105193,0.392268850990765,0.42044733327276,0.297139116372329
"183",0.914457312589642,0.923790797533435,0.804988171558061,0.79058443452721,0.91446043881967,0.804957004665183,0.837220755087764,0.867719985916388,0.929105662967241
"184",0.248445923056606,0.573221555932415,0.139055720565996,0.196161706676549,0.251954629264628,0.251954629264628,0.328527225309872,0.65877789897418,1.01380206386057
"185",0.636359049899072,0.710587505240541,0.582899415385303,1.01633382769864,0.643873692235843,0.643873692235843,0.653597516226973,0.643907711845351,0.814808779024399
"186",0.55244514995103,0.612223369968166,0.604384769976025,0.551019221758079,0.549047846237238,0.549047846237238,1.98078070357716,0.561031742990963,0.76827692380419
"187",0.0713543374576835,0.0988560717220555,0.0524043787938129,0.0492260755720367,0.0744165488798898,0.0497310694528878,0.0608209922815695,0.040904215227746,0.0825941925172348
"188",0.223420907973309,0.287074836793396,0.0963294780822904,0.0466504456034738,0.223420408468706,0.18968793159809,0.413304872207198,0.0391121931993309,0.151524462353685
"189",0.127626586393598,0.166277207946316,0.0453885337215697,0.0434846623463703,0.13768398380215,0.0472470091265143,0.164872503728844,0.0436234621467866,0.138591112391306
"190",1.87454797322344,1.39583391296403,1.82880552618751,1.90242900530074,1.30381172529349,1.31785985415097,1.30248176096155,1.59190140177167,1.67510968707534
"191",0.212054381336055,0.286504151048938,0.138605359880659,0.147462079263076,0.23560389521764,0.151130953062367,0.32457522715318,0.234294552755154,0.206319368182861
"192",0.385290250530624,0.339539616605638,0.438970285979052,0.421346059154692,0.381325403534984,0.387633494510072,0.400920974110586,0.408980397232007,0.520386453570855
"193",0.131357312429222,0.103213471773161,0.039984995957207,0.0451568000794383,0.131357483387819,0.138174396153674,0.0500235095251459,0.179206521922261,0.117692921957082
"194",1.16093092891953,1.60365965113812,1.19983035513174,1.62280533849886,1.61518301195026,1.6151871971834,1.66892511364927,1.61301771034314,1.59754163794869
"195",1.43312082163128,1.54033359338401,1.2959277100141,1.38173674986538,1.47713589439482,1.47712548637264,1.43393167620458,1.43476088513834,1.87150572327597
"196",0.495576728558361,0.635495931751103,0.591885645040647,0.476540674780727,0.495525184408221,0.495525184408221,0.593357013266066,0.456507586760585,0.748759135491973
"197",0.682305100310017,0.761718593522896,0.878739616522908,0.698326044557975,0.682301296610707,0.682301236341184,0.782928553316181,0.683559105040967,1.7344070335485
"198",0.110875001968645,0.225084226538085,0.0780221147474344,0.0651194715323621,0.148798982237076,0.0701604708992913,0.14515803480513,0.0457998480281399,0.0908436508173138
"199",0.323440930327614,0.464179189347181,0.190047670412265,0.131374516012479,0.323441765340156,0.195710327590433,0.435461846341509,0.195038752545548,0.306796177821616
"200",1.08938003314748,1.27296928840427,1.10780126422482,1.71990445636659,1.06323222068807,1.06337871549632,1.06315790510098,1.64899688950557,0.709164266219404
"201",2,2,2,2,2,2,2,2,1.83071692030609
"202",0.619511214133788,0.77125152074562,0.642519434856487,0.608740669168007,0.603661294527097,0.603670044106187,1.30535080828778,0.598456163238779,0.522375427949313
"203",0.0910469697526324,0.0773266024011005,0.163786208873924,0.314531311472674,0.0910479707078621,0.302202706262263,0.121111290442146,0.302846517903977,0.107987958040122
"204",1.31355957398949,1.49554490041271,1.31191524168266,1.33541851497291,1.31522875753981,1.31522875753981,1.54969193051747,1.7933894944491,1.28298152671785
"205",0.522372305254833,0.617486140340622,0.159682195407791,0.401192847015583,0.522368705513285,0.511240890265327,0.372960434639197,0.434609137564707,0.211236797329417
"206",0.307477183193655,0.311969511014887,0.297490582825611,0.305737300638829,0.306084752168978,0.306084803761296,0.297537508236609,0.305725344337007,0.332144331938674
"207",1.27617825065285,1.5771106722074,1.29642585605704,1.34593220514637,1.28390582595975,1.28389519644137,1.69654271420764,1.28570341100966,1.25673064853151
"208",0.50570785195592,0.589514929640477,0.403079327728851,0.284421589740648,0.512468891436787,0.512441717551491,0.332146380876003,0.506633785343026,0.306758531910794
"209",1.53185405754312,1.4186176266783,1.5482622238994,1.924840699807,1.64049041423926,1.63947619528626,1.63235230161338,1.94584477948931,0.997409032309341
"210",0.743585949650933,0.848568300255493,0.848474761865815,0.767041876232873,0.767146653157278,0.767146653157278,1.10405746530614,0.779208796258053,0.967862982529265
"211",0.25122555992791,0.274587628474742,0.18517950957083,0.226756485503061,0.226773580086322,0.226772311010662,0.403012039568206,0.272617133748588,0.26013834215381
"212",0.0475165763898119,0.0609276406891489,0.0271107506090944,0.0435421989619661,0.0477600693716467,0.0238740093672843,0.0455582780663911,0.0271324284200723,0.0440041866850201
"213",2.8734532462879e-05,4.46973914115376e-05,0.136985366268008,0.473696199028437,2.87374132263678e-05,0.050038014722654,0.0768887639305632,0.360407759369541,0.0771550087073492
"214",0.292002031619269,0.250159209725231,0.188110135611534,0.207367920856493,0.292003737748916,0.292003737368497,1.99176165388158,0.34327416422704,0.193888824188116
"215",0.638556126211239,1.80682146664992,0.650770180219695,1.01008204952947,1.53219199126318,1.96608641620989,1.72866288078754,1.89625095367703,0.720965916328619
"216",0.848186248984375,1.08581486169841,0.856266479991677,1.15364441686159,0.839130447009787,0.839137800301026,1.91036429919404,0.934442294455059,0.958499596007356
"217",0.0393763274300506,0.0815827171800215,0.194165998841889,0.145062168060781,0.0393760088834593,0.132860579836567,0.163008787237457,0.152172958116518,0.127631032631495
"218",0.0882258722996822,0.100892441607154,0.0658269768718503,0.20839109966317,0.0882251877667289,0.216805667568916,0.0979770521531451,0.220899812535563,0.418577994454247
"219",0.321389703556009,0.756074825738193,0.262677189287921,0.527518988378015,0.353587224239997,0.35358295973288,0.320774133992861,0.353601214271822,0.845377976237401
"220",0.258833765818475,0.227664452465326,0.303915337966603,0.216577205123295,0.219511874095827,0.219596383158506,0.979015388695635,0.214149236947289,0.23588367944557
"221",1.60453496897712,1.67586330722333,1.61359982770797,1.62844485133522,1.62851425978523,1.62851425978523,1.71817657652328,1.66051242497547,1.40871028391821
"222",0.890980045280777,0.886861733646578,0.908272741147923,0.88213972038294,0.891443262820673,0.89144362999036,0.885860772824003,0.885218771968361,1.35004480414607
"223",0.215753538373613,0.241324257956901,0.301528123148518,0.298944621757708,0.21496653102434,0.305798520918655,0.264964486813095,0.214953628671545,0.162337716863909
"224",0.592576364644919,0.737761173460852,0.519581494455566,0.623897979269541,0.647950880082115,0.647951903504636,0.599105120760526,0.60516552837081,0.62297852195082
"225",0.885614484362766,0.885428351966848,0.889624383744992,0.884179080180928,0.88294998168956,0.882950099411078,0.88450932017827,0.882417009162498,0.901284619364253
"226",0.425453294678536,0.528243113410985,0.317068670330005,0.282019672135025,0.425457795074768,0.307392730863795,0.409906340333952,0.308718869940177,0.583041563676095
"227",0.0606858846701722,0.0875304721228825,0.0639394558382802,0.106445255857691,0.0622134657093854,0.0999493282021038,0.135268649352145,0.108500952873218,0.0559323907425238
"228",1.31436621129595,1.682740165241,1.35651702553733,1.67822641060574,1.31436212785695,1.31436212785695,1.59373594016183,1.7404983780853,1.16051899220439
"229",1.4091259054814,1.31543471812944,1.31245091170676,1.33773221160106,1.40980742443213,1.40981020654725,1.63833706919373,1.4097864366318,1.75394655899055
"230",0.183849295052299,0.158006130209833,0.0532696358483334,0.0532696358483327,0.183343087154264,0.183344746029217,0.398712851240045,0.194842284921733,0.0814731685460462
"231",0.328492953035672,0.308551171121106,0.383340658243504,0.222141908609645,0.209413599748315,0.234132463861048,0.231103118026808,0.213084638172013,0.256556603786132
"232",0.0748239275768027,0.0548115301870342,0.176986510145431,0.192828288087868,0.0703146724233155,0.169671387544003,0.192458580783332,0.0731613331655708,0.0560998991363197
"233",0.60643559122291,0.713455102598272,0.645170369256801,0.563481102533645,0.575473766987803,0.575473707043645,0.851541707837761,0.561402302252093,0.494066137392898
"234",0.0943426894415181,0.0682861629123944,0.10067344030251,0.0620179327546651,0.0720952663726245,0.0721059232366333,1.82598098326667,0.0645438511213581,0.130734500376701
"235",0.157656887067743,0.213290669807415,0.104709504981573,0.102489330491994,0.188205240707609,0.188205240707609,0.453118216680429,0.185471317493814,0.922364083663949
"236",0.00549023447513466,0.00951753629815071,0.120298500691679,0.119043196343493,0.0054902344751307,0.120341333384891,0.0835428799381473,0.0595168244254258,0.012323934797118
"237",1.47647516550537,1.3214479475875,1.45929823415143,1.47601186150528,1.54224132907287,1.54216419516136,1.52957198916462,1.55461746666967,1.51750247019264
"238",0.282605227151818,0.263202431502771,0.394696575004206,0.392023564398908,0.279539511106569,0.279539511106569,0.336949272040749,0.279532501771623,0.333023913140644
"239",0.198084200432128,0.294251964487923,0.201140032443205,0.247471681004293,0.222136451932183,0.222130990527807,0.582930659583543,0.259336619404273,0.200297224414445
"240",0.16254520521901,0.208530604772996,0.13722895753424,0.114085015644327,0.167479589465063,0.115322530342905,0.177249775451428,0.115111587485335,0.154892077394179
"241",0.123072307780125,0.165477871752022,0.0326145534339334,0.0268129410502513,0.123074887862139,0.0255493921960818,0.121334413798471,0.0350549776062416,0.114780763656989
"242",0.258505105534331,0.316051665710576,0.222881055236441,0.207857963636433,0.354962666608155,0.258377673367348,1.30359863613629,0.287760247830746,0.709202768876785
"243",0.226718486444434,0.26397863611234,0.131408720306174,0.117024223310286,0.226720667067797,0.15925223005742,0.150527623148697,0.129723976716771,0.256305372026499
"244",0.191224009188537,0.22543228239498,0.255587569532827,0.257082037593261,0.191223201921723,0.246888696947245,0.483586286898011,0.279877232421163,0.237147583799331
"245",0.0495446246034838,0.075218559815281,0.0428310599730612,0.0630118456437846,0.0495455379941935,0.0175079534720143,0.0661886087399239,0.0181486214843427,0.0185550495942159
"246",0.289513483578701,0.288048798317394,0.209948443377259,0.343568357418599,0.289510241878822,0.326242793281558,0.248207516318324,0.314150387435181,0.299840582781583
"247",0.216521143812708,0.261064196594525,0.273379133869937,0.38355605682983,0.227739312995593,0.227739312995593,0.402522798476433,0.227698963913548,0.318560467248248
"248",1.64000079440245,1.42781178629944,1.63192964373508,1.36331345198485,1.13511473841332,1.13510320093441,1.1252683444326,1.13495566973495,1.39788312496978
"249",0.729143044226278,0.701098840753803,0.657973773818817,0.664104341613325,0.719831010629466,0.719831010629466,1.74405559603216,0.719629419530206,0.75296594418215
"250",0.659273900055497,0.659361097255171,0.732877542221899,0.577187545678465,0.659277923422304,0.646267734928175,0.650573811856051,0.653344357692256,0.802162596421003
"251",0.275663973716142,0.289417415957313,0.240730819367306,0.289819199825047,0.273936048420082,0.273936048420082,0.47024182119395,0.273930168674721,0.232563494084399
"252",0.841549259237677,1.28077696941718,0.841356255404792,1.84803342408869,1.6443156190326,1.64424355645642,1.411849034897,1.80909451717863,1.42665080705199
"253",1.60799116261406,1.59409677196541,1.60306938651097,1.60204103286281,1.61173325766229,1.61172973680101,1.5470049643656,1.35634916007825,1.09307617067262
"254",0.292339130640653,0.25840314484523,0.199862153839957,0.19683010555665,0.292334963838145,0.193322248917688,0.226269336241483,0.273046290508409,0.280695257013643
"255",1.88825027174319,1.84680503404289,1.93680939591759,0.552851543074725,1.88827265663735,0.345314458992158,1.90968319568603,0.342427574714289,1.9318379897601
"256",0.641511807066298,0.691601074977895,0.547394582112471,0.535459667955514,0.641513153005522,0.502335189081721,0.621255819032358,0.501636677404114,0.657955298883347
"257",0.423681516322311,0.53610805188594,0.238961522501203,0.401070291737083,0.423677741989623,0.382879686077517,0.371774854003222,0.642774771801617,0.50064786165862
"258",0.0540217077059643,0.0558040062318633,0.174687716591622,0.0553723267905231,0.0535981349044467,0.0572297482316202,0.084922077342526,0.053175151835235,0.109950336116639
"259",1.61820395291399,1.65683204879727,1.63951155091523,1.22465516214989,1.53162890773856,1.53162890773856,1.57416221590396,1.23847871727401,1.1272834232376
"260",0.534427607605814,0.58439940829074,0.527790962838249,0.535565571624499,0.536060670319118,0.536060670319118,0.743530305512015,0.540594449573837,0.634918063575725
"261",0.967326925623544,1.0419030979472,0.981065993029642,0.965410559300213,0.984252713931315,1.1055281628674,0.946879819129809,1.00743508502344,0.762141042129069
"262",0.407442497639725,0.407442497639725,0.475815488462518,0.407442497639725,0.407442497639725,0.407442497639725,0.519829963646118,0.407442497639725,0.351629637899844
"263",0.36768625446517,0.238177404904523,0.290165922965463,0.279961487078966,0.364718526443267,0.364718526443267,0.305362406443664,0.364747652920252,0.259274554034294
"264",0.904979504813383,1.32236545258681,0.905131208552657,1.96657216175637,1.99072868424597,1.99077170608681,1.90665252366357,1.97590493362565,1.30255148411382
"265",0.417937953938092,0.799602189914997,0.387247057606309,0.711433685280042,0.564760277015989,0.564805718131851,0.556587831643039,0.698261657568093,0.742937784091202
"266",0.296742370788055,0.301288967238838,0.285876046661393,0.283254849582408,0.29549684516775,0.29549684516775,0.408601697917771,0.295684064548987,0.327699317339378
"267",1.69768822641595,0.937526167356178,1.69547258405651,1.84802466841905,1.695403086774,1.69538962979101,1.69529161830175,1.80174298802249,1.61131186188828
"268",0.122473226612936,0.105013022418931,0.0377883670277171,0.0387676927358097,0.122474602723896,0.0386686807452717,0.3836407178538,0.119767144320824,0.116853016350579
"269",0.59362300382869,0.666865536273542,0.559249993889471,0.839540496309775,0.593616334896727,0.791247344289166,0.673878658624165,0.720031235355644,0.745400616333291
"270",1.70448818271562,1.46008558223994,1.71575815012239,1.97220408225636,1.70295217101118,1.7028133655124,1.7841910872027,1.73615250277256,1.70987467290784
"271",0.0834887924257149,0.142475909755965,0.0636171367757626,0.0312794337100882,0.0873288895057628,0.0578419921151742,0.0542286695144369,0.0873283884224805,0.14563393042445
"272",0.400532556544808,0.376889681878478,0.307446330092069,0.317282961550132,0.400532155312689,0.426645594906423,0.364966258363961,0.281076588969675,0.394062679693762
"273",0.148227306941646,0.202219257856399,0.143741853300953,0.113998726672546,0.170822337777502,0.170822337777502,0.219959223199834,0.151880934655601,1.55989767918871
"274",0.239133856254314,0.278147813012758,0.287314232000097,0.392223811847743,0.255372129726163,0.255370440899587,0.275639859633229,0.249039957355412,0.40730714150285
"275",0.131363698257928,0.254566168458953,0.0724065664150209,0.0827453564854313,0.159424770920149,0.0773383078509223,0.378604847672946,0.0605529378317877,0.110603075889068
"276",1.3335969994255,1.33904829881536,1.33422122651611,1.83717804280982,1.34664267371005,1.34663332513508,1.34567113491405,1.7075180786258,1.73559555972336
"277",0.0964891151880436,0.112047512499751,0.114645571937645,0.0939033842515031,0.0940122989544625,0.0940122989544625,0.1318296931127,0.0940123138879276,0.100186708019399
"278",0.144193164315655,0.27057289698118,0.185120608214038,0.116983506378455,0.164442021163215,0.0965953745854566,0.265671262189078,0.0992560494199438,0.327579396063221
"279",1.37122307330258,1.5318938339229,1.08979193373415,1.40516320482013,1.3732599266964,1.3732599266964,1.52822193369142,1.46706788585962,1.43508369415064
"280",0.359940988948161,0.387872416403071,0.385399076408598,0.384187199723442,0.359935340892758,0.384906104527709,0.455220963378356,0.37739178361794,0.415122754755213
"281",0.738451814283983,0.843046560207434,0.841554811454223,0.760987563044668,0.761102207018429,0.761082888566448,0.899205927620552,0.77564386544705,0.956287267298255
"282",0.818998307870616,0.783535657499105,0.738883652275822,0.721238341224456,0.820710953784818,0.820710953784818,0.788393504124385,0.820695933062809,0.812583510989872
"283",1.69458013816669,1.67966180320277,1.6979652068447,1.7029653791119,1.69056336398278,1.71005859016181,1.62349148996769,1.16141185701788,0.820488971842312
"284",0.194776956153778,0.219407524671585,0.194324696978457,0.185524776315506,0.194726979611641,0.194726979611641,1.2441620227032,0.194794811406998,0.182555080774896
"285",0.25783701515265,0.505254339611106,0.175423154594096,0.308305905343272,0.400215132864249,0.400194221740369,0.317003253441514,0.400198141200715,0.417736565518737
"286",1.51007926666313,1.5248991499171,1.58680014104014,1.61019835963534,1.53910421742466,1.68451996304507,1.46796834122521,1.57987365070602,1.27071696188564
"287",1.62543447019582,1.3746786033302,1.64105497016116,1.52057395717576,1.53656540331355,1.53656540331355,1.53859452498589,1.52264971162329,1.65249275669602
"288",0.361355382392014,0.600252870443306,0.281918431137142,0.511717588789181,0.511627951023785,0.511627951023785,0.386618138474842,0.511776608652325,0.525202777708522
"289",1.47249061607202,1.46128040573233,1.5556530962005,1.48320116207004,1.46749200876853,1.46751231851627,1.62633032610609,1.45984380273241,1.76698808775042
"290",0.553818446362894,0.464417928533632,0.524358717318595,0.477403837276635,0.518243560969263,0.518243560969263,0.546610663793351,0.467603385065578,0.450889176495488
"291",0.624488225217065,0.890856893137234,0.570122793685753,0.57731763800315,0.681067198633882,0.681067198633882,0.697517984591239,0.682236475391195,0.804237313466256
"292",0.54154843617141,0.702775730457854,0.49006327724502,0.522433648055367,0.632370823446365,0.632390437354972,0.642037142053247,0.988763039535651,0.532995338546548
"293",0.554850730446288,0.71961943593318,0.490362808478305,0.594846811306067,0.600573863820546,0.600593580901772,0.529861625876765,0.60871213266019,0.630451577928431
"294",1.22780879562484,0.954336378471216,1.04518855817799,1.00722450994309,0.964400540719891,0.964385593396265,1.25368356549559,0.955823909332866,1.07769856015282
"295",0.998830339836887,1.56864619576706,0.98017889978339,1.48370607069394,1.49621442903596,1.49632166317049,1.41920091450519,1.49618577924399,1.30463091430752
"296",0.439264339414296,0.496786441901124,0.416908073635858,0.431152346823923,0.456838019495905,0.416925824269901,1.77076255906926,0.456837824853492,0.42154177088309
"297",0.496677046177191,0.588380454981742,0.456513020833774,0.432027843304104,0.522111313046318,0.522045514812649,1.81176087727268,0.522959389580552,0.316789736676265
"298",0.258889944350377,0.315203266994034,0.211867785794168,0.205817865454226,0.336658334298651,0.2049808915052,1.86489991063352,0.325886007205745,0.621420366814156
"299",0.616861227224753,0.744522032090918,0.619243342544834,0.625300037566621,0.63767675150785,0.637669132383676,0.93668832517997,0.650969844263403,0.698114348200005
"300",1.40428109842192,1.58120804239685,1.38623274038105,1.4848542207228,1.47801226454331,1.47806280482609,1.50761360842678,1.61280411480645,1.05569699316467
"301",1.09482121525142,1.34915228327673,1.09469729697208,1.62574013158017,1.05894012314356,1.05894104707646,1.05932922253207,1.05893170722688,1.50202775427614
"302",0.433109872625257,0.549713106761004,0.441460743040947,0.422286529809543,0.425188139868332,0.425190171432865,1.76405264709987,0.42201751134832,0.342346096413996
"303",0.947716109672286,0.946850774121776,0.951606995886317,0.9473403429273,0.94558920208669,0.94558920208669,0.946842140378395,0.945529142404447,0.962559671841991
"304",0.245903386691052,0.215695621123436,0.297046702733669,0.185653024577547,0.188162935763209,0.183687096795421,0.814481375010588,0.216392094472082,0.20274463770548
"305",0.916046115317174,0.917389243450626,0.919702785932282,0.943887072630777,0.926984729798656,0.944947249215667,0.932630689374024,0.92699678960677,0.942649426561757
"306",1.51007926666313,1.5248991499171,1.58680014104014,1.62189022135939,1.54007268385265,1.69008443780305,1.48696273892984,1.59341096330716,1.23182288332816
"307",1.23941588393338,1.39194123282811,1.19979036983334,1.29314372678889,1.27428205504632,1.27428730768839,1.3975813126365,1.3484266077183,1.25005440607625
"308",1.46635839051232,1.29875828195271,1.5386813597952,1.26435281728474,1.46159666714625,1.64834154603666,1.43770155388246,1.32453824974397,1.45359053549694
"309",0.541726224126814,0.624361935704229,0.559899906687301,0.611139958858289,0.573636374196895,0.573643790940834,1.34814343410124,0.611506677157314,0.646839160376005
"310",1.24495174913238,1.46210931528033,1.23950439824331,1.8629127016752,1.25878082230437,1.25878082230437,1.25482389342572,1.66617819977692,1.7020621173784
"311",1.31826813940391,1.70358547742935,1.3106510136819,1.67115603108847,1.31826428916499,1.31826428890468,1.66045500567168,1.66542560276574,1.35070870840725
"312",0.496806521496929,0.563551880998815,0.46414653759445,0.405685049211954,0.481069509791212,0.481073022319696,1.08329482737723,0.47673339209259,0.372792399159136
"313",1.26284753875892,1.37907418095841,1.27284966516944,1.2930320755654,1.24794838254837,1.24794135239762,1.52746498335263,1.30427405000803,1.33055303260055
"314",0.197320330043807,0.552909106213039,0.174903666835379,0.372363696254526,0.395954125798071,0.395954125798071,0.82065807440982,0.396288000430458,0.361667944990566
"315",1.33913720871988,1.38709743472252,1.33752351650562,1.88140200863131,1.37978333991336,1.37975380894606,1.3775307374323,1.69831287649152,1.77802726410032
"316",0.422523768446492,0.551523088964148,0.391121367578159,0.440017994577622,0.463838990695676,0.463819618274687,1.8605125606393,0.415411198813392,0.324288563767872
"317",1.48003004831072,1.43253259600731,1.59417070109207,1.28659378094827,1.47907811947136,1.47907811947136,1.50121561136529,1.46320953123395,1.41173676409927
"318",0.377768045416656,0.57299180764291,0.382277380829948,0.416708188966879,0.410976429997653,0.410990526262819,0.736019634048337,0.38913614598678,0.279578087020033
"319",0.959827896890512,1.27997687371426,0.959941388786676,1.89485001287359,1.77967183374847,1.77966300834303,1.44305498875282,1.88658569562273,1.44984384523941
"320",0.948092495612936,0.976896245907132,0.947447794659722,0.897759546440845,0.910721966520763,0.91074449228287,1.44511282813387,1.02510367484522,0.964137115938004
"321",0.520005607684696,0.626730733699368,0.540814270582447,0.505228951878161,0.501475841053623,0.501475841053623,1.2495590348539,0.499288438139737,0.432479850959023
"322",0.0176523455381212,0.029116898928655,0.136909754637727,0.401477746534009,0.0177148497764505,0.0198298677903754,0.0491474133940948,0.353687257839014,0.0766467813787258
"323",0.139834507531778,0.193936275929792,0.152832995851784,0.129876475595955,0.167904366530202,0.167899144455175,1.17285697728096,0.16438231314293,0.253805132045778
"324",0.692599546625261,0.806149549185339,0.637143684102869,0.737045823930505,0.746426843933775,0.746422350302489,1.50062835563498,0.721443022338949,0.66358435218077
"325",0.44403611549707,0.568209524745,0.462651054743006,0.412666375286348,0.426583312685094,0.426583092198189,1.68307980500646,0.424802172776198,0.42580489817815
"326",1.42458100508274,1.48273135725431,1.43049720618937,1.98350995804674,1.42328180915542,1.42327174863975,1.42244978024992,1.55054932405343,1.69583686328831
"327",0.206279871693324,0.542268838388509,0.174060956610274,0.346037139580838,0.352560705802257,0.352571661497554,1.58278607103932,0.352632876970148,0.449030618008657
"328",0.359789887594836,0.433082345530593,0.299452061556824,0.257375850368012,0.330864349086411,0.330864349086411,1.98252419813904,0.325715109076647,0.34940938649848
"329",0.92475610118982,1.26124804404885,0.958798060697027,1.0537364097742,1.01554925672846,1.01556663901432,1.10949069087213,0.873308012316598,0.89173543951855
"330",0.370172854251096,0.507958494787239,0.332335550611676,0.425936447169591,0.417479461943065,0.417460402569635,0.66572220792126,0.408322954534742,0.26908568940017
"331",0.885614484362765,0.885428351966848,0.889624383744991,0.884179080185944,0.88294998168956,0.882950099411079,0.88450932017827,0.882417009162498,0.906444923311637
"332",1.41539054225483,1.41061738150014,1.50577042456851,1.51734695750803,1.43611448764618,1.5855651219786,1.43101153313888,1.47945508814459,1.57719694088616
"333",0.328096743056823,0.457211722478768,0.343074636309131,0.345231134947454,0.34057645768187,0.34057645768187,0.952912798894123,0.339535167870301,0.26583816690657
"334",1.83906890832928,1.16001526383011,1.47781482149263,1.54596535777474,1.83884457237358,1.51055405659865,1.31905862651338,1.52404717855975,1.98000193758548
"335",0.487027069538483,0.531275158992051,0.478223767257232,0.485823125252521,0.485800019433346,0.485800019433346,0.493684679710378,0.485767487288392,0.499722277912806
"336",1.45830367223598,1.12448990737093,1.41924641189368,1.60396531270943,1.6559522941805,1.65598115826656,1.71365028018142,1.64275718663176,0.0839894819451271
"337",0.582908798044845,0.615640981552086,0.518228260521349,0.504153167266368,0.586715124052134,0.586714765172366,0.556838441742107,0.609676948594522,0.769950027766422
"338",0.434160609209264,0.655804215963727,0.426441104922379,0.427786620062639,0.456134564820598,0.456141462641574,1.25116314252178,0.435586875416633,0.427828386299686
"339",1.61807149481503,1.32074567728514,1.622742950764,1.59308619306515,1.61691373151776,1.61695428486827,1.61788002420267,1.57630753178818,1.19157636887686
"340",0.586184116999009,0.662498305586623,0.602226160943985,0.610075394615776,0.593668379047131,0.593662312458249,0.729313380788532,0.5948471396329,0.623895220059469
"341",0.423481902347266,0.445368884696475,0.416053288298789,0.41586407315643,0.437972640160518,0.437972640160518,0.470641173635349,0.435095868932321,0.513951767870489
"342",0.353632519882831,0.372667572204988,0.431235409353247,0.395518890763558,0.317579857839145,0.317579857839145,0.760222692150218,0.317581140673419,0.543921914669913
"343",0.113562397932944,0.109306930478287,0.1210310666236,0.468000401876832,0.103436946448858,0.10347409788063,0.152725969746666,0.556182034889608,0.761682065794154
"344",0.213720295893369,0.253041561091553,0.171267147499808,0.166687440655407,0.216464518599347,0.174128719631133,1.32214259173428,0.22389618203336,0.203739699950063
"345",0.312905876159807,0.392625468470165,0.412094999307573,0.342360315172396,0.331177070190752,0.314457398666916,0.444996089264204,0.317668337636222,0.66938994280737
"346",0.993511719348413,1.46097126167233,1.03320419417144,1.84118754163003,1.95097551962032,1.95076296199329,1.95255629701564,1.53580291768294,1.10795454751623
"347",1.45140951170827,1.49538937670993,1.51180589305518,1.6048479880935,1.48493168572657,1.48178190617154,1.50627460055997,1.44415261425509,1.3474468639987
"348",0.490041032244811,0.55393455514495,0.386751747246452,0.269912816625607,0.51660940477534,0.51660940477534,0.464360846700101,0.425146461954799,0.336424164619406
"349",0.276510740917883,0.260331051725202,0.313701462949832,0.251425563447961,0.248974740798436,0.2667742068806,1.83287733569272,0.250406837383328,0.259641826222832
"350",0.395801955395926,0.600136440631847,0.379260598919079,0.426842076481941,0.469074607066114,0.402277900093136,1.47800030566225,0.437252473502344,0.345268724181111
"351",0.550885693815407,0.878500182517098,0.577312607437953,0.542508414580409,0.593723905751591,0.593733651510391,1.50877305264623,0.561752595944982,0.45150424671491
"352",0.385076426647034,0.458919323363589,0.335771363352572,0.31387521970052,0.341561135526736,0.3415456340013,1.29835852271042,0.292092475810287,0.385365992818942
"353",0.298285970441416,0.372049286252783,0.244757108427958,0.236976990963333,0.320536724414121,0.320536747204311,0.290663003214976,0.320537015803334,0.208197655525386
"354",0.465459280583481,0.426447937295249,0.467026963235498,0.44705849403749,0.432134114246139,0.432125017694627,0.653582029781953,0.432326232548884,0.439273045594193
"355",1.62322760987775,1.55624267674824,1.63360812846212,1.47786124453331,1.45919877999387,1.45915097114668,1.7425135026342,1.29568451442478,1.56498270066072
"356",0.626534612099441,0.778268338618177,0.627461603580536,0.634732081279573,0.648153418882349,0.648150313243626,0.965762357270812,0.619896691444411,0.716575089392023
"357",1.64976355239127,1.50292969695988,1.66347477159758,1.52029082701993,1.5490651935065,1.54908064412853,1.55020326829199,1.65582555328177,1.60539206669551
"358",1.48321193529091,1.37871310084494,1.49683738547958,1.47431985136973,1.39809361334438,1.39816540903177,1.3989380510654,1.49723848166591,1.28805407690862
"359",0.321688802495824,0.496163968119868,0.300899958521274,0.367951078425396,0.365694090789686,0.365686459887605,1.43684805484695,0.351201312217015,0.314250956573916
"360",0.310109205471512,0.288402479185188,0.35717611403985,0.206890605994833,0.202068874494378,0.239337220011417,0.339026892918535,0.205379192749796,0.274218232052448
"361",0.644370770517008,0.812135111437154,0.669599890590266,0.662857200576736,0.651848667866888,0.651848667866888,1.75415912107301,0.736275937185017,0.732473114391971
"362",1.57865674072791,1.38240382363919,1.58637960576467,1.5751817527166,1.58200422653941,1.58200422653941,1.58253767211391,1.58326318647041,1.34909529189138
"363",0.599282596966861,0.702446114223058,0.609484134099002,0.57384972178406,0.579446569931803,0.579446167219139,1.15796099103064,0.575894950657668,0.534303157140701
"364",0.890559387673656,0.891154761330774,0.894505702458775,0.88685834892401,0.886202097955618,0.886202097955618,0.88495089548053,0.886209246107548,0.899511878128374
"365",1.16489778327455,1.47452452146073,1.1718186000968,1.54883371588824,1.52569019929709,1.52568359114888,1.80881011014919,1.53332750529118,1.62963382648823
"366",0.411228399389261,0.497793347320415,0.407933879039796,0.431805875521398,0.436657187012364,0.436657187012364,0.560468777102785,0.436986302684848,0.50705982109231
"367",1.34945281298409,1.46097029038358,1.33957255969055,1.88695554301589,1.40386459493395,1.40391808620379,1.40120334780646,1.92697544826238,1.82282040990778
"368",0.662568427030782,0.67102708277894,0.650037207008332,0.708191311736471,0.687254607886034,0.687200124362367,1.30530356713094,0.690969056329558,1.01369133770747
"369",0.592738793282866,0.675123479236872,0.635663249182573,0.523762442743189,0.555279843781805,0.555281001437936,0.846729465878713,0.538333012914659,0.498933969348601
"370",0.397403507464191,0.514706469169562,0.310290601925375,0.435355399999094,0.446442979999637,0.446442979999637,0.438029732413216,0.432312511858327,0.353568570414121
"371",1.54341485906368,1.48275495339312,1.62950918748268,1.23521503375569,1.5411945722503,1.5411945722503,1.55420891616265,1.52617903953016,1.61362362540485
"372",0.384915439745452,0.504821319779382,0.370407724669248,0.441993626728316,0.446872012218233,0.506472484632544,0.879771021757037,0.506892149473022,0.65200076952439
"373",1.14024968961464,1.4960544055272,1.14653590616785,1.14010437875235,1.25921773173341,1.2592031559797,1.53107955430437,1.18213641303683,1.23551693278244
"374",0.747857377964956,0.852689481585938,0.846718466983572,0.750801182559751,0.770883745634493,0.770883745634493,1.81166502138855,0.770572148599096,0.967482339135463
"375",0.499304729689857,0.677469494410705,0.53601984903394,0.509141574540463,0.507663406153461,0.507663406153461,1.13358657546656,0.50933782761063,0.540116525403817
"376",1.63539025620804,1.56401019141276,1.64835375083419,1.59453452207932,1.60689962057071,1.60691138190512,1.59322466967088,1.60689052289332,1.58139823135236
"377",1.09893621493733,1.33471376797073,1.25702373895346,1.37246603128222,1.20140848622486,1.20133907840891,1.17071666463542,1.53015598511799,1.48049212482377
"378",1.53507998430326,1.28238074296828,1.54513141151798,1.46832832706688,1.52185400478522,1.52176739901618,1.52371194641273,1.42840890903622,1.04251641240541
"379",0.595747698882261,0.717381167962583,0.598635077751047,0.600691721518823,0.616266648726307,0.616276682934355,0.601218234198936,0.594127245743441,0.911367569969761
"380",0.601665839233709,0.805104501951053,0.565987694292523,0.647331599339953,0.724797459858458,0.724790030862663,1.53298828610416,0.670682984952388,0.928801187145525
"381",0.152580254305133,0.260366583735351,0.212332818850914,0.16543734218009,0.303661604724822,0.179245451645213,0.716401722842861,0.196083019439806,0.539932810597293
"382",0.617673794012615,0.727296212630659,0.541600472783095,0.556357214233551,0.652339129337349,0.652339129337349,0.901860455939644,0.564516333750791,0.426960515614461
"383",1.61254133011587,1.68036372233741,1.6206940324773,1.63925512197602,1.64158675956458,1.64158675956458,1.74425230522107,1.64168062897309,1.33215012508949
"384",1.85781745371063,1.36326420774242,1.78924270673125,1.73138030800453,1.75060043386936,1.75060327111187,1.42833865249474,1.29457125747591,1.11864436166842
"385",0.340521487122679,0.541386024977065,0.364025975806323,0.317327404924247,0.364941223520539,0.364946397735075,1.28097381530183,0.358116541240623,0.338622189387945
"386",0.346749339424741,0.388647605642412,0.286476797453987,0.270959150366262,0.327004679769647,0.327026761164487,1.9921331453657,0.256296373482785,0.542339643521305
