"","x_acf1","diff1_acf1","diff2_acf1","x_pacf5","entropy","lumpiness","stability","crossing_points","hurst","unitroot_kpss","nonlinearity","kurtosis","skewness","chaos","lshift","fspots","max_kl","extreme_dist_shape","seasonal_strength","trend","spike","linearity","curvature"
"1",0.967030152122805,0.92622498529213,0.386232514024311,1.84451524584225,0.494587152624901,0.0660230680800351,0.595377602642607,62,0.999476195836505,2.19419042403479,0.00469124275710415,1.87680977816585,-0.0385743071472931,0.0428169397033438,0.162733727906132,7,0.00988587530556252,-0.424716528170808,0.865585901503747,0.576126586093444,8.69474575628106e-08,10.4734814204261,0.244380176143751
"2",0.791958334294519,0.259843873019316,-0.212568546531414,0.804013390254001,0.761628900157771,0.671643744417347,0.321690027107807,66,0.998354342790646,0.0550828934315591,1.74848086149542,5.12069324370954,1.20706921973504,0.975716695321368,0.467037566510761,11,1.64961954205118,0.212808516420488,0.772330422045366,0.230047111425276,9.85788169469214e-07,0.726441064683103,-0.867317639725599
"3",0.965569738993406,0.915864269659298,0.501654601861427,1.78809784705279,0.499072785304921,0.0720786396863498,0.610207845157032,59,0.999497268952841,1.79531465428012,0.00289387305224478,1.83595073999898,0.00343576903086067,0.0528409507682878,0.0934707881236781,7,0.00391659060139358,-0.407318582535121,0.999811628450722,0.998734731357364,9.43123493339874e-14,9.52457775916621,-0.213862045557938
"4",0.918639603072943,0.227240583345899,-0.468987156750014,1.03799335929857,0.6445442193333,0.316674632921115,0.551091624398928,87,0.999247411994414,0.321454559950858,0.102453014012525,3.3015382091143,0.810381956024575,0.926077105258204,0.691146795710294,9,3.29599186104095,0.0618303544825243,0.795523905624061,0.513039174578543,2.23719342106818e-07,3.18429039409778,2.92804214863087
"5",0.96599277982119,0.918220403161242,0.513267149182716,1.80485479440522,0.494905956852267,0.0675062498421476,0.611656856913257,60,0.999501372736513,1.78192898073322,0.00228627153364521,1.83763212719289,-0.0945999147945531,0.0622829353038498,0.172552326994964,7,0.00314785055170158,-0.482797631123664,0.999873013617643,0.99911052518194,6.07761532467129e-14,9.38930143453956,-0.120647003089786
"6",0.966411160905848,0.911201503674836,0.480280186153094,1.78328854169098,0.502561190383531,0.066865452485957,0.621987038419558,59,0.999498391149949,2.11512388731998,0.00382745121895763,1.88706396194856,-0.0129911266071342,0.0601499358411092,0.119777699382176,7,0.00256121603003845,-0.388405083746535,0.999801345227893,0.998906981204257,1.24077726168884e-13,10.3437416685784,1.08130480511858
"7",0.963002465271363,0.919827345569156,0.59613394030235,1.84269976053632,0.509879644611128,0.101321389060578,0.579024039510507,59,0.999462706255954,1.46040160545594,0.00686602734272117,1.85680134326038,0.195274355705858,0.0504033708099621,0.13987466296239,6,0.003219313729562,-0.252779309826912,0.999748678387847,0.997688044578923,2.77694749360721e-13,8.29488803787775,-0.37671756206613
"8",0.960106008432584,0.880850567982497,0.279304730978385,1.78634875208695,0.495931708380513,0.0809568428303069,0.56728757951258,63,0.999447591802249,1.26859814335354,0.0427301673333368,1.82011741139169,0.00411415320529989,0.0691887043298946,0.201202293249216,5,0.0152268307812195,-0.391644785073626,0.859249260684967,0.437954784393452,9.86885598270979e-08,8.18101976898456,0.485496907732284
"9",0.859316659056477,0.103955819145999,-0.476436891370848,0.830688462513405,0.650952019624649,0.172387171803939,0.470020704241561,74,0.998966379813126,0.0582216012773123,0.592820933767154,1.98785036714005,0.356426650864763,0.977498757768166,0.430423722281,9,0.716428195966672,-0.0408968228353007,0.80785926968838,0.153403803895715,2.89657296776982e-07,0.901083613876403,-2.18651322555431
"10",0.964284502184702,0.911027035757121,0.322585384803792,1.84321826874776,0.479614409095029,0.0760257901543329,0.579901796578434,60,0.999487110185903,0.895474854097483,0.011950677264136,1.75354650376266,0.154846291441138,0.0507963436763618,0.199695235503573,6,0.00326460963812082,-0.285064858232512,0.999885183676638,0.998198487074102,3.97895764209052e-14,6.34975150250225,1.21366499713142
"11",0.944826853896251,0.789425272577089,0.160494124626368,1.62979907457803,0.538291834172577,0.195148093578755,0.494315207295347,61,0.999347602034653,0.149224489671208,0.0255712270126409,1.77345670617688,0.459801741412759,0.106511570451344,0.20614265079695,7,0.00941009473052132,0.172687635380769,0.999270231223113,0.982732783072172,1.58242181145919e-12,-0.552778870457779,5.18403546021183
"12",0.967442791985239,0.892118156560633,0.292185526078325,1.74346844401585,0.512303968129455,0.0657609148964533,0.641565515876023,59,0.999499203640056,2.72737933616154,0.00294189158016348,1.96521273450386,0.0804728685570443,0.0462364243648935,0.129259020614764,7,0.00370148097904472,-0.315966629449337,0.999827872096974,0.999317769272683,6.34211737722847e-14,11.8811776977196,1.06667729845153
"13",0.963876640267124,0.896205257805308,0.428610351869193,1.78266126697385,0.515723136802887,0.0804339930763743,0.603021877993717,59,0.999465935719027,2.01298795714451,0.00347616923623301,1.89229783508327,0.20961271502889,0.062803197087119,0.11683378030219,7,0.00434018855573507,-0.236729944213246,0.999841052604589,0.999013215060581,8.39254419548587e-14,9.87001848321591,-0.0388363395375885
"14",0.937271308028283,0.296424056266708,-0.522707999398937,1.18650787220353,0.660668664502151,0.568369745972402,0.576991764539554,66,0.999341728913474,0.0628964883151554,0.000917074701198816,6.68014085891377,1.58179185783866,0.921101486526195,0.670682629610871,12,12.5522491851692,0.227801571497121,0.744976590921949,0.508835837586225,5.36650867760229e-07,1.04999242302305,0.16593928077522
"15",0.760078528352961,-0.0620269681644472,-0.527034559053106,0.601750713969277,0.746208436809975,0.290084966535209,0.373487182045305,116,0.998056216318642,0.0200746171354046,0.521878064363025,2.1505975407771,0.276182025089883,0.989317069870954,0.461628218861589,9,0.954926426568629,-0.161243923172893,0.719058207417683,0.104353276907808,5.19696747530929e-07,0.317487897512247,-0.569719786610229
"16",0.965515182577847,0.891796083100272,0.355008005154253,1.77539417238006,0.505999111794646,0.0658073567811876,0.628607534528686,62,0.999483692660237,2.67107364400623,0.00694254558026304,1.93622299354705,0.0310640327672059,0.0659589070549005,0.176723788941492,7,0.0145364720395353,-0.35792595859564,0.863770597224197,0.653699535671626,7.30282754347199e-08,11.950971801756,-0.634775363531776
"17",0.88404484437729,0.298572094707397,-0.329933547215496,0.963425415359872,0.654004959212394,0.222819392249245,0.48233526444351,80,0.999081023078858,0.0879944635591473,0.277219496214807,1.99899872664647,0.167572238560831,0.944404560473991,0.838322173829492,9,2.34836453590755,-0.213936546864212,0.861820584729371,0.344492082152434,1.35510278394037e-07,1.44831867988023,-1.92447060825328
"18",0.943366294819456,0.354431921628987,-0.56395808271062,1.27343688783387,0.679375318532917,0.653165096526368,0.624095342448447,64,0.999406879355179,0.0686121958128854,0.318022719571346,8.47629196121716,2.22335661494138,0.7768404689221,0.420235037923242,15,39.5374081765531,0.586250695189863,0.688586889587098,0.500967777793213,7.36063862568051e-07,-1.2182733487326,2.58015016016848
"19",0.959727960376253,0.886698241216478,0.403429688134587,1.77354835133798,0.513692339872637,0.11347174329071,0.566210195795363,59,0.999447591802249,1.25403343872844,0.00218095655449599,1.81662422306758,0.294581918043845,0.0588408365671479,0.14760211777136,7,0.00316841574381848,-0.128880214152153,0.999805835457393,0.997905447627359,1.27828743249881e-13,7.6565441167219,0.842711356319674
"20",0.84545263639894,0.236913303927114,-0.367071307999177,0.849912216392745,0.714152090607671,0.234941263385572,0.412431504231538,58,0.998821152975116,0.0527841210040485,1.34915448261199,2.4894258742156,0.557960852477363,0.968264408801919,1.17037391851604,11,4.40193136738823,0.134138717102676,0.847698024904142,0.410201500370731,2.05490139013885e-07,0.424644153205449,1.64023471303395
"21",0.965520538310214,0.906434707072948,0.417089588019768,1.77671505222055,0.495606751379501,0.0697838790344915,0.612991212916012,60,0.999499944708246,1.83331239363991,0.00272846864618883,1.8243886383486,-0.0960541922092465,0.0544035226430315,0.0898238005305107,7,0.00265464194496011,-0.496040924455819,0.999872504703177,0.999138090975076,4.19240102897291e-14,9.53346775826972,-0.349182280253823
"22",0.949315467739927,0.84697908354033,0.355351224685101,1.79929954180932,0.519364314200197,0.200728669653349,0.499662429276888,60,0.999406879355179,0.0543993740813414,0.0436219373062669,1.62582234768005,0.264164282884643,0.217458424446663,0.175175425931892,6,0.0100856214574389,-0.116347535907827,0.999701497106043,0.978384290726519,3.98627816965544e-13,0.0234523135144068,2.95367915228426
"23",0.947976993945935,0.82612837952142,0.299218819008803,1.75635123090147,0.518601480431679,0.191389938710531,0.498046091590059,60,0.999406879355179,0.0506977251230303,0.0422725397880225,1.6009267127858,0.343105830062709,0.180055364348595,0.273175657900507,6,0.00690387416124511,0.13597515062573,0.999770382360118,0.979679650460532,2.63145424007434e-13,0.273329822924448,2.67253650024257
"24",0.957416873104298,0.875349400336799,0.373503988549468,1.83032776065303,0.500908747994231,0.127536243446426,0.54269951371081,60,0.999447591802249,0.530546966305469,0.0130893981725454,1.61699912492197,0.254824133924098,0.0510755329758244,0.188469645676597,7,0.00457691758677707,-0.121379770568728,0.999825231469874,0.995100502810861,1.89507580084535e-13,4.78968940551157,1.02877616936546
"25",0.963906755085511,0.913427997629959,0.30173290093611,1.85134643068311,0.472884571703228,0.082911831111477,0.569765982623699,60,0.999486357178225,0.622657882837282,0.00760600723962564,1.6362926002431,0.0851478918426112,0.0553370483552247,0.17826791606524,6,0.00223857327709011,-0.407555094822885,0.999900712290353,0.997536404104535,6.79370192022109e-14,5.23592219278861,0.0617541512192677
"26",0.612706434414256,0.00659378811242106,-0.391253834631199,0.445753130198556,0.856540530821552,0.579547221405928,0.174630227386702,199,0.993330867067285,0.0190039117674635,0.0936052020115725,4.0906796488323,1.02648642234306,0.986734042280366,0.488604903701825,6,3.71382917740715,0.043602892026246,0.517216105179275,0.111199872559302,2.22052996152022e-06,-0.0256589279451858,-0.0990294283776834
"27",0.96837446373186,0.916212076288292,0.337208371273773,1.77865364155908,0.505364956000612,0.0610552113194638,0.645762095074559,59,0.999492593414685,2.66592809383148,0.00569640198790425,1.96772267840418,0.0268580338471485,0.054764014958579,0.139788192285087,7,0.00402547515174218,-0.357909706877229,0.999823611409514,0.99929870713618,7.96182455008929e-14,11.8883930735712,-0.0987851248135436
"28",0.964189482871129,0.936766212542584,0.506174066382698,1.886945154563,0.472491865356532,0.0767163276861349,0.569277713539478,60,0.999494098341487,0.538431023152258,0.00855909017601063,1.66903437754532,0.137082726318818,0.044505735179128,0.16573174469914,5,0.00290101123976767,-0.35902636421759,0.999729375494935,0.992893454591464,4.32111952067184e-13,4.91143381529102,-0.920775395452623
"29",0.947416496933435,0.818668250902783,0.275226175765676,1.7235524524112,0.511689729169274,0.192137330537192,0.497451579613852,60,0.999406879355179,0.0118588449762656,0.0342347614179739,1.54827158764094,0.300181308914094,0.140194133573561,0.171247814484258,5,0.00787879860868988,0.13003548713519,0.999729562895756,0.862163585747883,3.64830617151893e-13,-0.992555852763613,-0.218710692805799
"30",0.881910127936119,-0.0604525235045465,-0.474944562726997,0.818070903417498,0.547515389925085,0.00176610715808299,0.793956156157972,63,0.996551439702694,10.1392745751369,0.131563328870964,2.10830328898764,-0.054654211048433,0.730402785703281,0.307378335421793,6,0.047185287219879,-0.422906108530464,0.0590841469187854,0.791769958917584,1.14492334749362e-07,23.5843607885685,0.105919520235573
"31",0.899956551729575,-0.0273641145756331,-0.637277838943848,1.10524588952684,0.614130144345804,0.172747171278063,0.530112555209559,62,0.999206395309864,0.0299806516329762,0.0972423849384993,3.47768442874025,0.749628408581598,0.942943078576866,0.722354594631819,10,7.81802906050791,0.0744597018727905,0.857971586443197,0.374554225395434,2.02382576764953e-07,-1.06359834981416,0.924148919125022
"32",0.967218657515395,0.906091760839754,0.442055684793592,1.76649816956324,0.510445166540517,0.0664022608676735,0.634856160578026,59,0.999501311857139,2.59597646095131,0.000535232359482379,1.95063217176246,0.0732718784355294,0.0647341142174942,0.105354516146573,6,0.00287688178359202,-0.333375378292711,0.999859605266058,0.999393341927738,6.14784045109515e-14,11.5069979654104,-0.335702816990701
"33",0.877276001588967,0.293243335778682,-0.293671719206767,0.925453805207497,0.638945138836285,0.149058491683916,0.473264676176897,66,0.99904031063725,0.0429504668341003,0.57114016398154,1.8029485874102,0.240007368628188,0.953021450793008,0.527989336310589,9,0.842776483528624,-0.178288532353128,0.877211910709323,0.287043605537785,1.27500406571381e-07,0.576595179974199,-1.85833196962474
"34",0.965358505252865,0.909271788138981,0.457071406541211,1.753365566095,0.502905454913523,0.0710543536276475,0.616470076522577,59,0.999498138003561,1.99167814760803,0.00292786398056183,1.87474172373805,0.00244424918939442,0.0596432363320115,0.146156228443794,6,0.00388133028302684,-0.407778174414714,0.999791578947203,0.998776015582228,1.17861164505364e-13,10.0583339808379,-0.973908200689134
"35",0.965272599003076,0.89301927682876,0.39673185363462,1.75596330133316,0.511781740611208,0.0744910635186304,0.62198654645815,59,0.999486128618878,2.30142908391645,0.0039170616853216,1.91007196414237,-0.00811240156505325,0.0629997221177765,0.111163858423794,7,0.00422146637209705,-0.407212300984156,0.999832950154263,0.999151510074,7.89438836051972e-14,10.7465961769571,-0.796661183556822
"36",0.861028127027046,-0.120146640402714,-0.634221448776314,0.863430694413893,0.677548629789335,0.303443326652673,0.526374213621482,94,0.998949319350153,0.0445318261692618,0.213039296066199,4.17656255229001,1.02845681449223,0.984446340408834,0.470962359011097,11,6.25345584914692,0.247433407418196,0.770224438666702,0.421858525542099,4.07327277580084e-07,0.530130055632998,-0.56995585746664
"37",0.866091826256778,0.387612949682518,-0.149370038828027,0.990887024650399,0.723803947651745,0.282538772674993,0.451798085231657,74,0.998934874986054,0.0384728690879813,0.400647858339785,3.34581369829402,0.918010693458796,0.965927915711241,1.07173397233105,18,4.16167760996608,0.250792744527913,0.826063456474043,0.466091597587825,1.74092655709804e-07,-0.220373810402885,0.204320270354438
"38",0.958539387454341,0.866588104751586,0.321107151507522,1.74328691659065,0.521321723202874,0.118374763606567,0.568998785114938,59,0.999447591802249,1.46003220532948,0.000662446519835184,1.86093647454298,0.347646841118424,0.065683242981651,0.103242543766199,8,0.00436275120413469,-0.0667160185937442,0.999794731877619,0.9981431256843,1.56568115195972e-13,8.2935411630618,1.05263751897725
"39",0.961687458645444,0.902261918035483,0.469230768356862,1.81312592685408,0.480890434309579,0.0864700291137194,0.574298425459742,60,0.999476819038104,0.7662797929067,0.00805985092835201,1.62765910872232,-0.112649683487474,0.0538190833315067,0.131068774253426,7,0.00504376005801735,-0.602897151133123,0.999810051105283,0.996652665794984,2.1368114742478e-13,5.96182267819963,-1.34211381776753
"40",0.965282671672354,0.921660611945949,0.493962042999014,1.83556238240197,0.493198640475446,0.0755073326369644,0.5922233144668,59,0.999490249704862,1.38941230742449,0.0136813477559866,1.80499885756457,0.0885488711334753,0.052238075845732,0.147992768055938,6,0.00263259529338278,-0.343568226128957,0.999918667494103,0.999212448570874,2.86752105614969e-14,8.1380389742649,-0.00855453528017259
"41",0.822764980064111,0.0861618815692111,-0.436798001217954,0.749217600788219,0.694764350935971,0.135947472656045,0.423235675672195,130,0.998678747258358,0.0137914682213518,0.30661445549925,2.24199215276489,0.301723275284674,0.984610494623831,0.783907266690167,7,0.589608914353956,-0.159066553919438,0.824820960232657,0.157528609739016,5.30159150983313e-07,-0.0746302902437249,0.28191278650214
"42",0.806635580875135,0.26211153676845,-0.215601936409792,0.816394097183946,0.735996315780156,0.148558818741103,0.337369212134157,109,0.998528614858575,0.0295277181792664,0.74365012112759,2.29119784914123,0.286059178402712,0.971430425595016,0.560874337956394,8,0.602952472318975,-0.173406226248117,0.715835361403604,0.154135776283261,6.59411056548227e-07,0.155432279811726,0.379460761849658
"43",0.8178059767755,0.272382451091306,-0.250478922590857,0.84183442342345,0.735732577326762,0.497334247108141,0.372842033201791,96,0.998570129900873,0.0517712108450278,1.51156825894498,5.44934003284133,1.51156756482814,0.959683813443974,0.40000435211649,12,4.29105985978097,0.272890092760482,0.819165204634701,0.339001132145367,3.4819351638889e-07,-1.10928918100367,-1.04227849424394
"44",0.969257465180934,0.919317247523346,0.410689760017154,1.78625182471518,0.503206151301573,0.0552126370807339,0.64946252018523,59,0.999492622452941,2.78163662254372,0.00234823277421365,2.01198400108611,0.0172580830061983,0.0460860889899678,0.0930925153282929,7,0.00350769633818628,-0.354665968924539,0.999838798330822,0.999378115231847,1.37362829440067e-13,12.0495536178654,0.159254327456359
"45",0.968955227985322,0.904958080492019,0.358390382596801,1.75885053982115,0.508480970042354,0.0607240427801212,0.651737868439038,59,0.999475572843389,2.89679612365218,0.00433980688150876,1.94234273504813,0.03800573387358,0.0659079712610954,0.116171473284293,7,0.00332399779228041,-0.351180245603625,0.999817318600366,0.999331295537343,1.03664001857951e-13,12.2869056356238,0.36030254627445
"46",0.967447581907163,0.900294819058656,0.38702005708772,1.76133544860654,0.514633351262629,0.0637406925403199,0.639501093132334,59,0.99949891501225,2.77586891091635,0.00150499123280525,2.00267118813317,0.0949251909709866,0.0552165941187034,0.101943600382706,7,0.00340682494092828,-0.313203396441697,0.999816823449594,0.999272709045177,9.6981241615872e-14,11.8929246429143,-0.0787497728126868
"47",0.967094735307657,0.904614016859126,0.447378020794593,1.73162150695052,0.520447780455987,0.0787677434135433,0.647210770079762,59,0.999502592378041,3.01092792611249,0.0100838734686225,2.03690001424835,0.0201851605714243,0.063296366243021,0.102087504258065,7,0.00428787262592971,-0.345512285366351,0.999698641783093,0.998957561453014,2.6307981987225e-13,12.5905706647052,0.391224395302955
"48",0.971153255067436,0.888613381043248,0.265930829136492,1.73887723013121,0.52549704988716,0.0573725405986362,0.688982525900033,59,0.999475392459312,4.06533804459166,0.00248539106829622,2.0889859905113,0.105153015994185,0.0629765617757535,0.095547349436151,7,0.00432263186808034,-0.293952309930149,0.999721362482757,0.999374672055951,1.52673504372783e-13,14.6775309556378,0.732791404689345
"49",0.962144289114235,0.902181855092914,0.351378994522059,1.82024139966065,0.477767682523406,0.0850318481248981,0.569462447873319,60,0.999480391910969,0.621534237997278,0.0201786940337793,1.61979108376016,-0.0150691112245805,0.0487917410871947,0.128869795732063,6,0.00322978447204584,-0.588739929935645,0.999872074164173,0.997120720142987,1.98847274679756e-13,5.27795535450181,-1.51492997288205
"50",0.961352801879211,0.885950977640699,0.326821675002266,1.83557124174996,0.477770103927348,0.0798880019366332,0.566186481371938,60,0.999468100601483,0.583965579874001,0.0371476798505482,1.63848345180782,-0.0202560658796452,0.0578715773000659,0.178263464119795,6,0.00226273535924287,-0.554899796546851,0.999853248856291,0.996162673465208,2.79420979455005e-13,5.07522759707953,-0.57339627004867
"51",0.84220733720319,0.46924064441923,0.0938891272122152,1.21055652772055,0.732224716816934,0.733009714178422,0.374043972560614,60,0.998769322043033,0.0227888911414015,0.608720350393806,5.38109013036495,1.41207980985001,0.896348174254612,0.352387341624958,11,2.6390606966465,0.481903941371921,0.743365475135711,0.184283466627556,1.02474054401621e-06,0.536020049131331,-1.2087635790352
"52",0.963192257681302,0.904337916588365,0.240744183856234,1.71264299230595,0.501958762120714,0.0572125711742122,0.60948057089341,63,0.999477316278745,2.6340412635583,0.00448972041498622,2.04569436981885,-0.035884747318862,0.0521028267570201,0.176557793165061,7,0.0138139074547755,-0.37087234770806,0.859844610084353,0.652659966861898,7.98267170164589e-08,12.3632596669448,0.867060717321871
"53",0.964901882909005,0.920281955021502,0.488153282662268,1.82247424179747,0.495138003297693,0.0843315254667695,0.59210390380818,59,0.999487403607209,1.41561041402126,0.00527411772312886,1.7754849591322,-0.00449867122042491,0.0426737480606381,0.200567917801036,6,0.00329500581911134,-0.440704608304534,0.999811015403234,0.998235668223428,1.06676937184798e-13,8.2613467190365,-0.212035362525398
"54",0.861758164912678,0.39717155899663,-0.131702885490601,1.03353512998161,0.690521739621231,0.536483147907037,0.421641260330072,84,0.99892327480757,0.0470701723584277,0.796242093456694,5.80632371732633,1.65442206859605,0.929360733650732,0.357114090923237,10,6.11764327286683,0.374331792602706,0.842704566670112,0.352478212369642,2.62268632366385e-07,0.756796723765128,-1.22264757127692
"55",0.968443550670124,0.903473546994271,0.228627506892238,1.77581202913949,0.512495308928019,0.0647556681599193,0.649233319113707,59,0.999475227289352,2.89319061957253,0.00332057561501098,2.01316548549298,0.00615527199771458,0.0590942775452456,0.106781421849285,6,0.0031432689361448,-0.360632550450565,0.999799397560288,0.99926296318196,1.60246121749105e-13,12.2817629661048,-0.148339141902216
"56",0.801432653863135,-0.215183533224472,-0.614919698154801,0.757975116701379,0.680326414801859,0.111416734584389,0.490001805846263,140,0.998487902425199,0.0486133418672973,0.192988630655176,2.84795308574382,0.658961161897259,0.988361315788159,0.509292618852912,8,2.51691178440684,0.0329862423887786,0.818454488745441,0.218120278563036,1.59973365431602e-07,-1.1080142888155,2.05894501053799
"57",0.849064551944047,0.127334772682862,-0.424301701364786,0.789578071365027,0.671913947102868,0.251192676287104,0.452754714423952,76,0.998842931148437,0.088710778706373,2.52341051657289,2.98415965439907,0.595678111771776,0.931630156489565,0.742309288143409,10,1.32177309237702,-0.0168452019599759,0.869011227665297,0.375029189961555,1.11405684330813e-07,1.08487231476842,-2.56211276203682
"58",0.96598684931893,0.907599624963856,0.49039749669783,1.79598515072613,0.49921401252976,0.0666586637785727,0.61790335480927,59,0.999495876548148,2.0089455628081,0.0019973270919375,1.87380200384334,-0.0100326005561817,0.0504443356248258,0.110774710667154,6,0.0021870079295868,-0.391959106145053,0.999826293155788,0.998950999403225,1.27963148438788e-13,10.0042682341936,0.469348986666469
"59",0.964100644244114,0.919395489058842,0.562008197911214,1.82989565183733,0.4939863137975,0.0880403658493876,0.590184115361043,59,0.999482802725835,1.31483166561314,0.00254477201093708,1.73276840209877,-0.0114608912302058,0.0389892355725049,0.148248432179734,7,0.00308493616155141,-0.463140162016892,0.999805352978562,0.998028245682479,1.46265780096826e-13,7.96250139878532,0.389515443017277
"60",0.958200916618461,0.882466212609008,0.438260767790261,1.77004875497419,0.519080060812894,0.129137831969055,0.562360144801934,59,0.999447591802249,1.28685659701508,0.0083212095294514,1.78390550367755,0.242615219588245,0.0607157908986865,0.111533576849165,6,0.00321952171973304,-0.200150563211151,0.999780992379015,0.9977370264882,1.93185986297126e-13,7.85066330340466,-0.761948577894032
"61",0.96358502296153,0.908936887080401,0.411066600368412,1.80025599826436,0.496652960004733,0.0894511694833801,0.585709458115134,59,0.999477642255786,1.27922847123966,0.0110703379946847,1.76684354195124,0.00851503092831844,0.0420846465641546,0.162281064602512,6,0.00336698146928489,-0.441862732413777,0.999800569571727,0.997902007821551,2.09272402318535e-13,7.83412043262956,-0.108429308494521
"62",0.966860955217441,0.888198760862257,0.381118881118881,1.74385847804435,0.523684957482542,0.0708552266088912,0.643772670944512,59,0.999484928824736,3.03231009635874,0.00812494502863367,2.05291491040702,0.118521461999859,0.0728453421307488,0.120964344592416,6,0.00320025375697227,-0.288952663770334,0.999741278582944,0.999095097165671,2.82305742714611e-13,12.4888344222268,0.801447291688286
"63",0.964789162655601,0.915776751241994,0.371778627778856,1.83214958906366,0.482704182884709,0.0786101164872141,0.585593225226826,60,0.999495656256745,1.05557183164419,0.00606707663431185,1.72873175778545,0.0604640897606588,0.0593491946243038,0.151717461384918,6,0.00284606155097067,-0.40145547641353,0.999791161282106,0.997351440533846,3.15795687442887e-13,7.06066073652566,-1.29565101324323
"64",0.593178084034496,-0.178317737196522,-0.524299823966516,0.359464739005554,0.863635972196508,0.239580479957629,0.276463955831342,215,0.988079302019745,0.105144102500126,0.409847237385817,2.85851163489745,0.503036760989333,0.980618121315673,0.618212424827191,6,0.911435189424302,-0.107442652412253,0.486919765805701,0.135967524972867,1.29161931131057e-06,1.27267203707161,0.495968618044314
"65",0.911837367198915,0.520927054232902,-0.310390880375887,1.25873157007504,0.632786636672046,0.1423472528804,0.471952679100919,77,0.999210406882621,1.27439568466216,0.0711818529397341,2.06762291084788,-0.187835783128412,0.892569274819079,0.438408100599517,6,0.0792092662573513,-0.45661287601687,0.0413728633011733,0.0266787458974429,1.21670614223374e-06,7.36956727997182,2.85859739378322
"66",0.80426853896777,0.185546734013813,-0.280893064399006,0.770817201142789,0.738522477890449,0.216272474370337,0.40488056744531,80,0.998447189992429,0.111604884014731,2.00060125224744,3.010973916243,0.800456884951488,0.960674429457267,1.00067234005699,23,17.2767481811911,0.254261563967457,0.807467853354892,0.350634072378515,4.09381535997767e-07,1.43248153999754,-1.8289844104665
"67",0.949326049556104,0.859295674784966,0.433956875624731,1.80448865276397,0.528791594570252,0.186795141140907,0.501382777334398,60,0.999406879355179,0.365788744497037,0.0066704440901035,1.76081982705182,0.488155143646058,0.074327758455059,0.260645876130244,7,0.0044405557183952,0.27912796297918,0.999786742661734,0.992992709802513,1.57290646856543e-13,3.52371156436806,2.22190112167174
"68",0.964680585594019,0.945500332160316,0.57182689389153,1.92751698054487,0.479968510799866,0.0803724520639833,0.574605706669174,60,0.99948635613426,0.722325971711352,0.00968785018120983,1.72697965281258,-0.220057997104817,0.037539072097423,0.198312760163991,7,0.0039638389634405,-0.678038039761093,0.999857122858094,0.997700886144908,8.94091576569433e-14,6.25254694290634,-1.55644794575117
"69",0.967129825975089,0.910427821668192,0.423968288620382,1.77567811516993,0.511598755576984,0.0716379873108606,0.631444331137753,59,0.999498940548592,2.50935825653237,0.00431031504773584,1.9321307111829,-0.0183426895714651,0.0570494490980533,0.0933779944662886,6,0.00393034188241198,-0.397295909244731,0.999830355388989,0.999227213446182,7.42393967540048e-14,11.263781236948,0.0184166678034143
"70",0.962049089710124,0.925339249789132,0.469724416283689,1.87852394941212,0.457330700475546,0.0845851496224097,0.551947611188319,60,0.999480165950993,0.0113673501734242,0.0113460494307021,1.52652665386544,-0.00101645076587381,0.0303033840219083,0.145589031527628,5,0.00564089869820105,-0.709876942685165,0.999630415613247,0.581578317301273,9.69291284387289e-13,0.151941352903671,-0.38796048563765
"71",0.967385114315999,0.908951334557575,0.469249732116443,1.74401407271888,0.507471709915624,0.0622269317977922,0.641798035552972,60,0.999471044452266,2.66801372760566,0.00350337253525975,1.9581053109365,-0.0555523789107626,0.0653819345731777,0.108036048291223,6,0.00350602961638463,-0.419400589369371,0.999861134737755,0.99942642364088,4.30580221184363e-14,11.72168462502,-0.406463952650799
"72",0.969381398816908,0.916339561167929,0.473222076607121,1.74830161929105,0.515598355029261,0.0624809706934316,0.663648381455997,59,0.999492810934779,3.27477069896507,0.00411731329624707,2.00577675218213,-0.00248339491333467,0.0464740956032987,0.0878038148254883,7,0.00376712201438819,-0.378084956963333,0.99976189229689,0.999282135262182,1.31749060918625e-13,13.2180739997063,-1.18044256562286
"73",0.964947499558256,0.927361691145906,0.503185593015914,1.84748120080564,0.483940293755911,0.0737445130775486,0.580834521797601,59,0.999487419355028,0.958471419292389,0.00491810418984903,1.80914672260066,0.184859488451389,0.0490728079156437,0.180000867221669,6,0.00261708936782841,-0.251850707576758,0.99990520409382,0.998641938555752,2.90612676472556e-14,6.59886375181897,1.57902736110347
"74",0.736586452715748,0.11876984336612,-0.33782909512113,0.636626219801991,0.779176393345439,0.703607499497237,0.289528438673013,98,0.997618845319849,0.265446440797164,1.31329057929311,6.56451827907778,1.59424615486759,0.944972241060655,0.46834109762565,11,3.36327282172911,0.22873908303351,0.797212152105971,0.292577619846339,1.11349004009209e-06,-2.71298227006702,-1.42087750002938
"75",0.885105417414276,0.293872274519449,-0.339211403381295,0.95205029570234,0.664073988768613,0.219525520178348,0.447132229795445,96,0.999081023078858,0.0737066357917134,0.253794978153879,2.65947374909619,0.521078836812217,0.931282972020567,0.673444671281874,12,2.20098859870277,-0.00455744272335451,0.859898597427135,0.300329406681014,1.80860990651452e-07,1.33928577339232,-1.04198958369039
"76",0.964485902100292,0.905582844621459,0.458078915143026,1.77747269275696,0.502918844365751,0.0812576048966269,0.605013953607484,59,0.999484875016692,1.79211643062509,0.00893873202701162,1.82985481225648,0.0128718543139483,0.068672474787684,0.121297104436501,6,0.00366799980959175,-0.39636705821242,0.999849013409538,0.998968466441126,6.14409151676353e-14,9.49180938027731,0.2554519227661
"77",0.953919951583648,0.877769362007119,0.432646918218888,1.85111963175507,0.505853179029523,0.162522727105552,0.513761390865875,60,0.999406879355179,0.0581621472477354,0.0187958786045244,1.64445733871533,0.36524751472607,0.067918362124683,0.182878113817807,7,0.00836345239949876,0.173479061701289,0.999821463703896,0.985768626278884,1.28790387472886e-13,0.356927798975918,2.81781355940329
"78",0.746527842260778,0.35304556261911,-0.011204411807634,0.923897784276426,0.801618566115951,1.35706044113352,0.256759501136578,78,0.997714127832666,0.0493588797609875,2.39783167566127,10.842666089245,2.76872051248463,0.980245724280371,0.294977552851537,17,26.8535100103286,0.611918819781273,0.677646900141572,0.236376446053232,1.71394612302596e-06,0.630087465321025,-1.42011079632659
"79",0.956649385651471,0.878889181504551,0.468767976740721,1.79138522694765,0.51985096139562,0.129967789774645,0.551205537323089,59,0.999447591802249,1.1061723400811,0.00105544555421116,1.76819756688709,0.325323339846129,0.0586388029960417,0.123884693838344,7,0.00373818445185712,-0.073372414732768,0.999805829670209,0.997580724744469,1.15316503423869e-13,7.19135065432244,0.511475112701712
"80",0.854326440586622,0.413127111425893,-0.026820102425393,1.07604001529848,0.707647839089722,0.314045218317525,0.419421115920191,66,0.998823200728505,0.0911634802204923,0.953820452307963,2.61710646962882,0.652767975217117,0.892306500906024,0.61149219981872,9,1.94593146326374,0.163564303358454,0.829755829762487,0.393503947560654,3.41151138722054e-07,1.15230891148955,-2.64721638923739
"81",0.79450360456373,0.018408690853675,-0.485998342982073,0.668701511836429,0.719679066318436,0.25038363061127,0.391894110898063,90,0.998406477559659,0.103854207472286,0.422117801161791,2.53075033074155,0.542273163614837,0.98191479975289,0.616626417039321,7,0.979129436047569,0.0201303005250309,0.749945788895699,0.13927157408024,4.326147774409e-07,-1.6399580502395,-1.04953584697696
"82",0.965302320659868,0.909732246529548,0.466975807656149,1.78527992686518,0.497509242773416,0.0713004566014666,0.609544041557223,59,0.999492841585598,1.7686845924531,0.00106190012345306,1.82732557882915,0.00914944565575334,0.0602559434254034,0.0960723066316845,6,0.00462126059703709,-0.391545350625099,0.999840125947191,0.998898941170104,6.19561612821931e-14,9.40903082004713,0.553350337444557
"83",0.783855147168774,0.183300656340348,-0.286401325253792,0.728576284552787,0.781023540033586,0.589100180780022,0.353231722491377,138,0.998174039218741,0.0633584933320205,1.27207123100937,6.12828248333652,1.68003981560415,0.926528866163198,0.525515948682251,12,10.4916287217237,0.244264485458284,0.769800689371193,0.392007830283705,5.48389465813706e-07,-0.307939717282248,0.888356782840216
"84",0.950894143367058,0.866081741462351,0.375215627047763,1.7844716862668,0.498765999256154,0.151782106731939,0.506931889508068,62,0.999406879355179,0.0484582658464244,0.0287484243052669,1.61620356440048,0.291329227827781,0.066868242759501,0.297306776336919,7,0.0155479168247631,-0.00798741625372582,0.845796642021922,0.0749469768437443,1.47460933950369e-07,0.975011504217272,1.49018285843087
"85",0.950576694009849,0.412743700624491,-0.526304093454607,1.32604431115644,0.651854383603809,0.789534656534884,0.60441552659363,66,0.999406879355179,0.169544960742279,0.162343731930972,8.05206967574021,2.0907275954386,0.741532413048084,0.3927869808819,13,18.9937080777795,0.443191406252522,0.71506387299909,0.539466835462371,5.47242298481344e-07,-2.77203777192517,3.77413980803963
"86",0.811454100443767,0.301720404064761,-0.160875838147897,0.875267364992085,0.744145224874839,0.36663488502874,0.362078652941678,80,0.99854913042414,0.0907952157290567,1.01345602897245,2.82418810332584,0.563102995551757,0.964022109172878,0.639764242139348,7,2.10037517819779,-0.0299261024463052,0.794808024101846,0.218177207337381,6.37228288370026e-07,1.57572533852345,-0.253985797293405
"87",0.965343286535882,0.898691111235003,0.427781555793489,1.77798629716723,0.51552977598231,0.0782561866517524,0.616514149758356,59,0.999478824718662,2.32834993614147,0.00305076790122948,1.91631862790868,0.124574925403164,0.0669752669205617,0.142277164197723,6,0.00296596611227775,-0.306919389424024,0.999715379870225,0.998559110996042,3.03189787782937e-13,10.7673203926763,-0.297133546469345
"88",0.964909230358281,0.893246375033581,0.40744015975619,1.75140239266326,0.509988854047428,0.0735843371371316,0.618267886346022,59,0.999481715845706,2.19545503958966,0.00117572068932874,1.88660424959793,0.0447097623943487,0.0519251609620834,0.135696224519194,6,0.00355272238642136,-0.361165964836995,0.999818076796344,0.999015793532079,1.70745498334944e-13,10.4771356140388,0.600987582409881
"89",0.951114321061647,0.460324381293242,-0.412123425818402,1.27438374330825,0.691566238319059,1.00580337605286,0.637484703031505,98,0.999406879355179,0.0863181205215459,0.019733679236569,14.7995038284784,2.71489324455641,0.891568560445787,0.482752836963944,16,93.5159145655307,0.201139766803239,0.638556612732673,0.559493401646604,1.31314090072748e-06,-1.56807382186055,0.85552661049495
"90",0.761097327253845,0.318421915984585,-0.0550046536370403,0.894527985785664,0.78035254667115,1.24640749307432,0.307640035856975,98,0.997912215496337,0.0544553582698705,3.75840109171968,10.8608442980339,2.80336938610532,0.961321314986071,0.239584702427154,18,33.5305876732411,0.588232976725573,0.722656078735923,0.257970665698683,1.28903225627257e-06,0.629518984178679,-1.2342901339291
"91",0.964755942097616,0.897084117560524,0.428116171414787,1.7695374888141,0.511047430324201,0.0782477433132668,0.612810955737904,59,0.999481299563726,2.12952718210897,0.00267141214288904,1.89826106238167,0.0674602892433824,0.0607874211147062,0.0944535903301858,6,0.00508461919315919,-0.349401173185727,0.999819166011226,0.998986955020167,9.64558706685602e-14,10.3406211141465,-0.353894071816418
"92",0.893084656046175,-0.0246342996502535,-0.642101954676882,1.05157107319823,0.607609599536951,0.182248898134042,0.540836664238951,76,0.999153766535169,0.171430522153051,0.329793740443991,3.18281263065511,0.931213182668498,0.943536258255753,0.402694245770459,12,1.53256416682875,0.481330492833416,0.898842931937982,0.455270669835932,7.59421001673068e-08,1.90343805077055,-3.06607837999252
"93",0.771196316071222,0.134056177442793,-0.364282520587036,0.685756992697973,0.77333641463874,0.351179645802614,0.336945609257466,88,0.998109422583038,0.0341538897577001,0.768762014893184,3.73701844454302,1.15334215965064,0.976480823424291,0.669464250756476,11,3.05259090056516,0.390704817894676,0.791888664400857,0.330468023027356,3.83464484616988e-07,-0.6086767614289,0.490506147503193
"94",0.897010263492295,0.0761007507962929,-0.532453089517549,0.961406883435112,0.589456946663334,0.186770053253659,0.517517186449476,64,0.999172167245254,0.355001249116172,0.305569139825371,2.24017393277008,0.43197641947593,0.962090039167712,0.509304870589244,9,4.2940672441776,-0.0165815817530843,0.875226125735189,0.405802265072773,1.27903120317068e-07,3.8523878951596,0.967716124648783
"95",0.905434996707344,0.545843207470526,-0.171128810320993,1.20893054936362,0.669671443890163,0.340987209667972,0.459257276623034,66,0.999182889357284,0.0439502986086023,0.309959767788796,2.5293069377009,0.441389097012537,0.829274345196342,0.407445296820328,8,1.28410437654437,-0.0839748193348714,0.78531449027718,0.26892526453378,4.2069182577917e-07,0.928785727869209,-1.72657637948586
"96",0.94417990197317,0.784841685365247,0.181124517126269,1.63503957277421,0.5184914885105,0.206672581573431,0.493355661221892,60,0.999406879355179,0.0163286580783204,0.0619638154630145,1.55432963998458,0.382523334639019,0.138911187016103,0.180587666339692,9,0.0163604420509892,0.45876663934343,0.999606778841127,0.870050956913073,8.79423587076093e-13,-1.11823218285982,-0.390320493972002
"97",0.851133741230257,0.193070751921697,-0.47300039121597,0.932922083804692,0.58189157796965,0.0897487337457473,0.336793373655669,91,0.998753458624157,3.46427360163367,0.306435826704631,2.01415945341656,-0.00916329777490634,0.214756684982103,0.697276335699553,6,0.179891041911483,-0.358257533319258,0.10747126623455,0.128928208762979,2.47108276240193e-07,11.2591705201375,0.584817426951086
"98",0.918314450113464,0.151974917219041,-0.547776004252304,1.09231330745251,0.627334782352163,0.318343067649774,0.568357803519704,90,0.999296968665202,0.0300715657432492,0.0190217435199731,4.25633097416338,1.08604653986924,0.952057465679986,0.693593499698832,9,10.7771162322318,0.220423659930798,0.805256540085685,0.438100384489165,2.67746935055322e-07,-0.232148691669607,1.29918312725021
"99",0.94873029702196,0.837397920403525,0.31876838139112,1.75085939305591,0.519641967196477,0.190608163282336,0.499531425775437,60,0.999406879355179,0.0557325699624023,0.0168606023585707,1.64524701833957,0.386001456182946,0.0952785736245814,0.313367078780824,7,0.0101459123254133,0.179608547940802,0.999739145787369,0.982368477754189,4.59610159324517e-13,-0.239379138732811,3.08457953560065
"100",0.968186745488103,0.878642369625551,0.274859048433026,1.69434878049901,0.515197332666047,0.0608476656999116,0.663053820893207,59,0.999466608621177,3.30806391429777,0.00812343508564728,2.00161531669042,-0.0457639432020902,0.0764205064702824,0.205885155498862,8,0.00359872508901493,-0.39711917125325,0.999779912205501,0.999326486642474,2.05249932379323e-13,13.1741644092436,0.153831475175988
"101",0.780260953140683,0.261902517275819,-0.110930792251712,0.871036128108711,0.72925674170465,0.621540206670775,0.36884342250079,60,0.998197391062719,0.0247161414617444,1.56345396198116,5.92805981605514,1.59464067107333,0.880191372967163,0.340795246081369,13,3.49888723297649,0.833867999164521,0.792781275519569,0.213505535359407,5.52976089551397e-07,0.104999221430847,-1.17774737720979
"102",0.759040215470879,0.307520604914549,-0.074568653956068,0.876119042983597,0.80892087734388,1.06952787317064,0.304995770789265,76,0.997954122227012,0.0491907351862334,0.745569971215287,8.79372102753621,2.2545648733722,0.978575014836473,0.446670996364853,14,11.2348060845604,0.497464520359707,0.742146774378297,0.261010041480273,1.36773294994624e-06,1.0321698996797,-0.842473331412251
"103",0.892649159325757,0.505611544847982,-0.00624468319490761,1.22624224797126,0.645381540067355,0.390369101158001,0.451252919257606,64,0.999125441586179,0.0273149988629439,0.786260922862772,4.5826071816469,1.27491201232864,0.7658166765609,0.420009373434683,10,2.97080653853943,0.276927837309912,0.889528143769164,0.323036392512661,1.24677517765108e-07,0.46601802186958,-0.915797419888375
"104",0.964349501861195,0.920755067129379,0.519505523459847,1.82365479295439,0.49353330573844,0.0870275071963706,0.589227464499097,59,0.99948419599971,1.29008041524266,0.00170534598621594,1.72253931093974,0.0333465320964674,0.0605320878555021,0.152089241402791,7,0.00318276627187572,-0.42909335923857,0.999854440732696,0.998498101238862,9.04074075999491e-14,7.89175852758487,0.567743917660695
"105",0.96759391918888,0.892956522243248,0.371349480968858,1.73577346057308,0.508596840511642,0.0566965213088009,0.649004299929668,59,0.999467856548363,2.84129290474656,0.00470011323959564,2.00860506253595,-0.0280195019896448,0.0731959475390381,0.115869899989728,7,0.00392797951645911,-0.378784182035876,0.99985453941494,0.999452387263945,4.97070663704357e-14,12.1604323671034,0.424253339702425
"106",0.844001034560572,-0.181465465437345,-0.644173550694427,0.873346704712855,0.623600152830384,0.152514666694416,0.482484086382046,76,0.998886903410422,0.232336365695955,0.371571656739929,2.23171818490848,0.371207256375712,0.986184013413442,0.440579394412968,8,1.09308914445442,-0.094791093092595,0.849298578120429,0.265739185640716,1.26126219640412e-07,2.79992931606683,-1.33905746635811
"107",0.871539911739606,-0.104981876981134,-0.624565501998318,0.903413238488864,0.654165204718722,0.348220730721865,0.53897343315166,70,0.99904031063725,0.303676343954957,0.140114728312723,4.14516127897134,1.03218952883547,0.974162891277083,0.88614265145138,11,6.55662455805858,0.163071721558795,0.780616886969416,0.377294302777518,3.27408553748949e-07,3.13553145728872,3.02413464191569
"108",0.963394756698836,0.888475871379234,0.393510363689072,1.800999732598,0.497296224782975,0.0733677064182826,0.59768408666201,59,0.999477577791353,1.54996504007125,0.00675632402756622,1.79771061233432,0.0536591231305087,0.0684143115421319,0.158428619327675,7,0.00291056407053166,-0.3808084632068,0.999909688178668,0.999246122763034,2.97699508513474e-14,8.70248609673039,-0.236839476330367
"109",0.971034272096494,0.848068310968988,0.212042958066838,1.63697433059498,0.524900717460937,0.0445052837838277,0.716195982510299,59,0.999489847393626,4.65076672347374,0.00924451527655135,2.19802253390599,0.043713242268263,0.0941493612254488,0.161588543308453,8,0.00495798738509265,-0.313929480738632,0.999655957705321,0.999405090399778,1.93495649366767e-13,16.0236948862172,1.25927920691445
"110",0.967622944245869,0.890641166910931,0.299107085129141,1.74549861604926,0.511657411390359,0.0670593634775075,0.642579362165529,59,0.999497289080506,2.71282401523646,0.00618507815651834,1.96417719188265,0.0543551987561064,0.0807654440828725,0.133511954077262,7,0.00391475164164443,-0.328787918095166,0.999810711482449,0.999249233394815,9.1298219523307e-14,11.7990430532377,1.57739765613915
"111",0.953624896011315,0.85971266120598,0.219732287186861,1.74165958314645,0.488769022606638,0.100711776005157,0.517484008031224,63,0.999447591802249,0.527778862014357,0.139550256612962,1.73467839221758,-0.210888350230508,0.0781964288607788,0.225408618746465,6,0.0186546234849044,-0.586473230319726,0.850174780703223,0.228763633930738,1.33464890187114e-07,5.57604305710305,-0.081347756458793
"112",0.968402923843544,0.92763829188325,0.53130801559263,1.80109224359161,0.511604990077665,0.0678217473789949,0.641204220073707,59,0.99947509264471,2.65355896664184,0.00155579179949516,2.05384824543249,0.0567558807712746,0.0542807562218391,0.118149389129376,6,0.00509542168168703,-0.312723782414915,0.999752093753067,0.999016813911646,1.75039384918325e-13,11.835512391129,0.940732480152536
"113",0.908673752991175,0.0509019949253997,-0.600121718294018,1.09651156094991,0.62561841523427,0.668100501356321,0.551482803050639,78,0.999246920442413,0.158236862284088,0.00140507849003962,7.08634873894868,1.6242038891648,0.958304687561374,0.477149205518705,13,6.08504473574888,0.302365308396451,0.815043845585018,0.472226465143153,4.50631794418048e-07,-2.87458952311228,2.64796407724758
"114",0.964123951428843,0.921843168978056,0.35661814923616,1.86404548017166,0.475913375449539,0.0763425260396756,0.57280244991793,59,0.999490215850047,0.631731091911507,0.00414588394570008,1.72434740803302,0.183265486389211,0.0511670401582263,0.14915399962351,6,0.00381152961786709,-0.262714197253759,0.999673033890167,0.99333022228826,6.37820987545662e-13,5.42746654633399,1.00969601053821
"115",0.963415913697191,0.901346607608531,0.451857042747022,1.80705149704283,0.503568247378428,0.0864100005326219,0.591957491524325,59,0.999473233940926,1.53036542120209,0.0130609977195327,1.82169607694181,-0.00143242285717752,0.0587076274349536,0.112112244292225,6,0.00353589270244593,-0.433276727927043,0.999828816355267,0.99854335784216,1.06266719740644e-13,8.62539655133695,-0.224114032420034
"116",0.90986206972143,0.369353870046987,-0.347799726331212,1.06502016680842,0.599382914137003,0.149868215893649,0.507799801300822,72,0.999219212513139,0.0650601135556264,0.183397043965661,2.05936670213121,0.27658851193129,0.93229672276409,0.523517235735216,7,0.983683767972315,-0.160686146244976,0.862759267474477,0.195571068300265,1.1186267558712e-07,0.712445395874014,-1.92255341154154
"117",0.959843917628036,0.863740895690097,0.218352825830965,1.80948381929192,0.489156316213551,0.080740917829655,0.565805376385038,62,0.999447591802249,1.17930481916245,0.0055796161431403,1.71537292791331,0.03956305707353,0.0521001861731753,0.191631485329924,6,0.0192177790300224,-0.394044360819105,0.857162786371446,0.398696222262928,1.1437155859177e-07,7.58059472550432,1.5958155930824
"118",0.861553197505484,-0.0364218144799629,-0.578395638888779,0.834394356062512,0.657256270673095,0.311958146237857,0.463483329010729,84,0.998975603418968,0.0789453745521644,0.785320392760635,3.49142984530641,0.770004781563115,0.984772104973139,0.648932833608153,10,3.07025474041901,0.0768630192626903,0.801197159631859,0.279319356263621,7.30456994358564e-07,0.967240725797669,-0.554847545905439
"119",0.971238988493844,0.897538203946659,0.298105120213055,1.72877472874508,0.517860108092185,0.0519256893449648,0.687674381519905,59,0.999496605463588,3.8523344116511,0.00466426979108396,2.1385697627141,0.0369892544469399,0.0593245699406545,0.0996400946036988,7,0.0035297130796933,-0.321680822703161,0.999766172403629,0.999445559449857,1.14867109094334e-13,14.4691394467552,0.4478885309529
"120",0.966115593849681,0.891430968686737,0.246005174854512,1.75240243571681,0.504988883835711,0.0707202607576703,0.62308398829261,59,0.99949629146356,2.19480037335676,0.00363597474780231,1.90799374318088,0.00506536026151798,0.0610924340158406,0.128809024035745,7,0.00447173423165802,-0.382964381530505,0.999814647449149,0.999018303214652,9.40653349907066e-14,10.5713001069722,0.150629123983715
"121",0.966411826155201,0.910038887458657,0.516788827061178,1.78154785461926,0.500865938524835,0.0664060922196045,0.624849882737353,59,0.999497681833221,2.19021464253301,0.00160627066938781,1.89677015000823,0.029342363389898,0.0623979240607679,0.0984847399416891,7,0.00319873102519428,-0.356826288127104,0.999810304810075,0.998990680992317,1.01800668722640e-13,10.5183875111555,0.936249800267451
"122",0.969766754217723,0.923263694146774,0.485575589459084,1.79542142725467,0.507050243618681,0.0532632188637779,0.650901250051347,59,0.999490867620085,2.87673564779981,0.0040037098924352,2.01239403612724,-0.0240508205047413,0.0570483546443661,0.120056971123756,7,0.00395080032416562,-0.375493783648486,0.999794839779971,0.999238218203994,9.39894838349958e-14,12.2141162228191,0.399328096351902
"123",0.960004170941496,0.906366782543378,0.441790257202331,1.89022641676826,0.477276295735092,0.0894529507210094,0.527366418371319,63,0.999447591802249,0.651652485765045,0.0188826918707666,1.64588805786153,0.102286887642923,0.0351872419065564,0.183030358863181,6,0.0156150341444116,-0.39397464676945,0.860181457283827,0.223331058865832,1.13726481450312e-07,5.32505750151164,-0.438701195975377
"124",0.788047548651359,-0.1353048104751,-0.568772775838849,0.670399451744064,0.69745283581169,0.0993466021484035,0.46236628781608,124,0.998392082727853,0.0366410945315737,0.646287477876745,2.05387951178724,0.250841851354632,0.991165366379032,0.540459783335934,9,0.535978890276854,-0.172831164355789,0.77334104711474,0.166008574416796,2.78412341778045e-07,0.550880968678559,0.478166498163174
"125",0.952719332757186,0.858796396753615,0.334097989735217,1.79042728477083,0.509576665620036,0.176687846957198,0.512403950985233,60,0.999406879355179,0.0585038487088707,0.0394234662243492,1.62131195260459,0.220958593206136,0.0914103097522897,0.231545138129864,6,0.00762304723328099,-0.221207508213717,0.999689573913788,0.978385580255818,5.34799112372817e-13,0.164466561552135,3.00523912662956
"126",0.963113683199031,0.926823477197097,0.494505483673807,1.83743471677991,0.484016664252615,0.0772707433001018,0.580421599783429,61,0.999496187238602,0.862921501323007,0.00279727840157219,1.72597456118506,-0.0954337480980917,0.0227722890985204,0.170701267875257,6,0.00461196998205405,-0.588596683263833,0.948301175892052,0.580177591618563,4.91274430440874e-08,6.6076587511395,-1.74819278371569
"127",0.856266639025048,0.192046128731867,-0.407837780307506,0.84535028814209,0.662763640621586,0.242091694610877,0.424659879540544,96,0.998935145073704,0.0484101182974791,0.267701994164053,3.23095560250331,0.869625552563795,0.965268145812632,0.382565413343272,10,2.13039587579668,0.224893093098961,0.854656473901207,0.230478137490554,1.8676910068304e-07,0.543787938571798,-1.19336754661365
"128",0.783315004224689,0.325076905436027,-0.0825149098211752,0.89445727235704,0.767714356689327,0.906090464532882,0.321354239294966,66,0.998241000653306,0.0265669228056264,0.889189157133095,7.50756636939236,1.922169191303,0.930153711777848,0.435170130969353,13,3.46644905152258,0.553773629219384,0.758619753480504,0.234376864531904,1.22531856302722e-06,-0.18065835291258,-1.13237700532564
"129",0.961466732116065,0.883659460337661,0.410263707076455,1.77820194022407,0.510152326319265,0.0888291850732083,0.588533757490014,59,0.999457183661431,1.52855872546649,0.00730715947133875,1.82597638322441,0.103920978377298,0.0647891535193139,0.128236723226049,6,0.00332840971231386,-0.3532797519182,0.999861625263099,0.998846509866984,7.18235520455222e-14,8.63271351215949,-0.810734272746154
"130",0.952357617423718,0.871531148470718,0.394367363427945,1.79364672650075,0.514997567070847,0.173795876631982,0.507352433104402,60,0.999406879355179,0.0735996532663155,0.0147557201918711,1.7297452354437,0.403690652976977,0.0678563549078592,0.221055865510597,7,0.00893028505635059,0.121732909692543,0.999811891404665,0.990564512048546,1.29722839081718e-13,-0.154402725271232,3.59814979102885
"131",0.910460289530267,0.320738210120852,-0.385436450250362,1.03844027291795,0.612588060769504,0.181781626750812,0.535315108016612,66,0.999220391418062,0.0543184864643602,0.18470444207058,2.10116090450145,0.324744464134972,0.9343936071025,0.698648542373484,9,1.95933873371799,-0.115987188313656,0.886328610962291,0.375494116557995,8.83822184459875e-08,0.869754816517039,-1.69138857688647
"132",0.858726212200716,0.370214424123899,-0.190260212715885,0.977639491744962,0.672762573593189,0.262088486802156,0.418256118739078,76,0.998914070586931,0.0666717237617492,0.505791415110193,2.29025602318134,0.525214688711244,0.931355102399784,0.470489036710354,9,2.06870671998626,0.0756969475612504,0.853670477950154,0.331460810067703,1.33215007895417e-07,1.07363643138369,-1.39942171694981
"133",0.959181909197952,0.891755128643671,0.477122418679984,1.77591349602468,0.516263214077767,0.118898959751657,0.566292800182047,60,0.999447591802249,1.31001280346045,0.000415880900142744,1.76339516709097,0.257138871682528,0.0556526014416494,0.0930204707673793,6,0.00383187163269182,-0.178471705331177,0.999788791477959,0.997829938757386,1.2797813248561e-13,7.91547349627688,-0.316745722027293
"134",0.843809476211233,0.325229759285702,-0.17896110690347,0.922113558098557,0.689224532287189,0.362766158241713,0.407873461578868,66,0.998775664690058,0.0552412925663704,0.858301563906607,2.6792802239125,0.683652045790135,0.954621612791166,0.602683420673735,9,1.30431309809764,0.234470811765795,0.844998976312993,0.366141104961442,2.39048677308703e-07,-0.0228915301115104,-2.84922495365862
"135",0.967349184320217,0.918891272749185,0.434688130535395,1.78036585978775,0.508400828594503,0.0691030438913046,0.63004887884949,59,0.999470383843318,2.41642479906522,0.000163808174772566,1.97120260663769,0.0288829045461446,0.0571971549617058,0.0963310535783244,6,0.00426126438416935,-0.364807620507912,0.999751302793683,0.998852565420301,2.77476841518786e-13,11.1568755660312,-1.05476513129663
"136",0.965162001523558,0.912054868540845,0.347132389816834,1.79127308776751,0.493573479000576,0.0749033660700975,0.606062405189771,60,0.999499739380615,1.62666047347494,0.00420058714495202,1.7805511988499,-0.0225966676063159,0.0575853045022996,0.121487097690334,6,0.00291172070063693,-0.465256262473649,0.999867868010993,0.998966510347522,4.71266838032397e-14,8.92365381236011,-0.579968514142629
"137",0.945433173077823,0.816711844548333,0.33506175098206,1.79357833060041,0.517676192317181,0.203200459256146,0.488980214222762,60,0.999406879355179,0.0114258730726693,0.0583125526684161,1.57695836918872,0.257740978914556,0.136223271724656,0.0904328551365252,5,0.00824334080895841,-0.102523031703204,0.999762108860527,0.872303165209909,3.67373607937379e-13,-0.885452930364395,0.560502682786022
"138",0.822946317375773,0.418743858432316,-0.0578775473470879,1.08078485136481,0.75305572369941,0.885962381792996,0.346905282747746,64,0.998618146775574,0.0293284685208481,0.370338710234555,6.08283392939877,1.71596031241061,0.939111812485605,0.349747718223121,13,5.79926953214422,0.55582059609993,0.717155023040343,0.209962954181446,1.04913422493918e-06,0.628591757639882,-1.2007749376223
"139",0.963862076244126,0.886025839029426,0.39600267024855,1.73842456962962,0.510498642567753,0.0792953630423437,0.612803318952255,60,0.999475402776299,2.10112364418606,0.00399759759816965,1.87434326245411,0.082539685950134,0.0700121539993679,0.109634922009148,7,0.00322242207941279,-0.33768546434046,0.999816445399337,0.998971507103305,8.82257120846937e-14,10.3383207850504,0.368056615026953
"140",0.828857170737805,0.324471795191789,-0.262600437424283,0.927183998860138,0.741515837372003,0.644252302353851,0.369394786654642,72,0.998667810554826,0.0979977525126381,0.368217729328403,3.50261334838779,0.923983565908215,0.932755411890165,0.586480645704264,11,2.66883991225956,0.223835419251371,0.756436699833697,0.253782124020353,6.27404576870037e-07,1.67439339382699,-0.7911363128115
"141",0.848118186475748,0.29292584555098,-0.285377882252633,0.900599960859136,0.700823406140022,0.396581746401654,0.429410638723332,94,0.9988205561968,0.0353698793448091,0.846612392436495,4.49129577641519,1.21962470378737,0.95339590363258,0.470136864666025,11,3.04927478250015,0.209189435625542,0.820582031650667,0.350962333210686,2.74132784052865e-07,0.400725389952401,-1.24724038518032
"142",0.958078915653649,0.913310813898164,0.457625617199505,1.83218909329159,0.474576921385296,0.0924511258614333,0.534019156589333,63,0.999447591802249,0.423021074822836,0.00424457764781365,1.60050403449947,0.132281502293137,0.0338476551988838,0.193172509735234,6,0.0161647052118923,-0.379706124040916,0.864821618187809,0.219900311148362,1.03294079525745e-07,4.97571668867223,0.271932093893727
"143",0.967587597720944,0.900248466936484,0.371340376874984,1.74756889958941,0.505636898658976,0.0632431939492812,0.640785654678277,59,0.999468134761563,2.63806535618044,0.00411588102806102,1.92332838310371,-0.0223251257483304,0.0767992437679623,0.11748612603478,7,0.00318958764806743,-0.408680513695074,0.999819055124731,0.999238751864791,2.2342616870489e-13,11.621507122292,-0.389743610193058
"144",0.963575505110153,0.882444565648585,0.287360076676984,1.76031169870129,0.501286165598023,0.0864804328230799,0.601001519068293,60,0.999479379382392,1.67582071190268,0.0214107153010544,1.80194907056245,0.0254854808393826,0.0843462283229975,0.157630319043837,7,0.00430048485712178,-0.39253325103701,0.999881497327518,0.999101747602153,4.64007679169543e-14,9.08545733524895,0.143105546886419
"145",0.941349570474377,0.34905805801746,-0.433311672556922,1.1549928239901,0.670641196610649,0.21707020607127,0.652528338188022,72,0.999337928753614,0.297032993798835,0.0129456417460505,5.46794142199241,1.42885449357607,0.927275941456447,0.486128985007126,12,8.42961332567848,0.310282789068183,0.771609616605451,0.617697958688798,3.01638262768346e-07,2.93291156379257,-1.1391494839193
"146",0.966834054048555,0.897529680709703,0.319817200796488,1.75961312911087,0.505555542868827,0.0669871573249447,0.630752040034397,59,0.999498976953192,2.3604415936869,0.00340375323807296,1.91025263493222,0.0128329705307297,0.0681182010077155,0.0814038623643977,7,0.00339215874703917,-0.366376079192502,0.999825562939945,0.999162954236361,8.64201331865201e-14,10.9684123798576,1.10907939187941
"147",0.872447053696647,0.368759731561197,-0.15884500513505,1.02786277723971,0.659262981466669,0.201359551530435,0.442218487500889,74,0.998999598195642,0.0566024757273837,1.06507736565197,3.26751117105089,0.768102564096362,0.896934778111423,0.53111853647253,8,1.15919078575466,0.0666236389263594,0.872108645347411,0.305744705852345,1.41912318454824e-07,0.976623132555983,-1.27280204233123
"148",0.880577355178029,0.290370969906657,-0.300662635669702,0.936517287358923,0.645468661165721,0.145964533672,0.476307312027166,72,0.999081023078858,0.049122665869317,0.390018904294282,2.92376362387733,0.574665710334021,0.944624264057925,0.472165862808695,9,2.27981125678995,-0.0140861580813672,0.867973072130575,0.307112030063412,1.4180758845443e-07,0.879629177696291,-1.02744089237032
"149",0.944442966107011,0.867665925796465,0.443973356002393,1.87081439739212,0.530853248847044,0.262558897127087,0.465311733103783,60,0.999349544027329,0.0156841258766847,0.00877228758902588,1.83431460386489,0.197546118576957,0.0482347483600279,0.228217672314644,5,0.00485883987888418,-0.255394296485949,0.999783787922665,0.945864808584293,2.10760762544494e-13,-0.38232115598075,-1.09662019508049
"150",0.962717385914938,0.919832972538015,0.583820783533102,1.89899433411931,0.495894754813896,0.103307186780085,0.568450169666329,59,0.999464369202783,0.95011977281775,0.0160592836954293,1.72889339305871,0.0897587204254555,0.056423831598447,0.151506348226686,5,0.0029611307799926,-0.354026452093634,0.999825637737018,0.997381947601889,1.91973831368925e-13,6.58755009179946,0.838990613548763
"151",0.827039345974168,-0.236390939549897,-0.653938797165143,0.851408569140979,0.646760190410423,0.200849702633425,0.479125731895727,88,0.998739783547022,0.0249334020827721,0.241055210720011,2.54743991626571,0.526645851834843,0.973691644111888,0.611700123717578,10,1.58513480261988,-0.00645063255350637,0.828001064397914,0.291104787979266,1.99665309375993e-07,-0.739535495825568,0.489804960656433
"152",0.963556031066236,0.901339526972973,0.446733112697491,1.76967587215399,0.502126324730017,0.0818894538291562,0.598658156743774,59,0.99948016886202,1.59904751253583,0.00046587286563477,1.78524123903393,0.105066924813222,0.0453418636140662,0.166440642398552,6,0.00326319055284673,-0.35378072252334,0.999827091893691,0.998669470802221,1.88613197654114e-13,8.92047561471467,-0.99375797884108
"153",0.945450252061777,0.811879095423717,0.194348663985943,1.63989819844157,0.518731786486631,0.194189981931407,0.486600989156719,60,0.999406879355179,0.0419813663729905,0.024400799485219,1.62208930650953,0.488939776325592,0.183176275463947,0.206709463913068,8,0.00584476160940758,0.487442197519527,0.999625579615326,0.909372124512496,4.9083118788737e-13,-1.6103127122093,0.259196875456727
"154",0.944369255949203,0.798841584577012,0.307639604659147,1.78768574605048,0.518069618420182,0.210114686033627,0.493216703486235,60,0.999406879355179,0.0106851904869825,0.0707026834680971,1.50623458495657,0.282273354960254,0.146837924699555,0.0947113394934695,5,0.00537805475820218,0.158251520283012,0.999774834196479,0.857551674995378,2.23721274852989e-13,-0.876804815834179,0.35270662732085
"155",0.96261068356799,0.870271187589578,0.138699803270028,1.73207357025991,0.499180158646871,0.0896180148109195,0.594555414871368,60,0.999477985076788,1.53367075423249,0.0255422645828342,1.68900223696535,0.0787323003380853,0.0489582606964135,0.153598462955214,7,0.0047381223095305,-0.405421998166821,0.999802903038768,0.998362376500086,1.26599618493256e-13,8.71893236812389,-0.448750055378403
"156",0.961113289224109,0.89434809160914,0.315774056294595,1.84358994610094,0.48755243197077,0.0776827645521692,0.56231853794195,62,0.999447591802249,1.11526157750715,0.0167208676070161,1.7249365920108,-0.0467256013243412,0.047100670164113,0.290476169056894,7,0.0193670083914104,-0.532552095844258,0.864779619311421,0.387317852296712,1.00869027903224e-07,7.31101968106533,0.415968096146068
"157",0.962673538131302,0.891841076440436,0.363196660511602,1.77120746041628,0.501148497756339,0.0881229297380526,0.588375403241909,60,0.999470691381585,1.41653185613202,0.0156639123128423,1.7978964245871,0.00135114028362651,0.0550826285760388,0.155802729730995,6,0.00340900744421484,-0.432958024782022,0.999817208015607,0.998293713797956,1.12029265728995e-13,8.27524651685953,-0.244858801251737
"158",0.957859170201751,0.897848697678543,0.292299036230098,1.68901521060928,0.505478336844216,0.0918443066254761,0.56002652403624,63,0.999447591802249,1.74320643635556,0.00346577418632861,1.88037614840117,0.0237828672893155,0.0462835806856474,0.149406763024375,6,0.012252556831744,-0.379516910797662,0.848567907743993,0.506088285558073,1.11419603796902e-07,9.99130167696227,0.096293052320605
"159",0.96435194382668,0.903457079506117,0.476926910996387,1.76353002465581,0.504195336904122,0.0777296344703063,0.60714440897603,60,0.999481122830891,1.87509703694551,0.000338001988885585,1.90031337444246,0.212583039050589,0.0627533336779288,0.150280790396021,7,0.003935253110712,-0.225527711987431,0.999829063618252,0.998890320727428,1.12524184504839e-13,9.6654121401816,0.990415672712197
"160",0.804796649793766,0.197813032788538,-0.281819804110619,0.77128852964722,0.730480898254537,0.662157995886469,0.399500045033254,76,0.998447189992429,0.0474521252413472,3.38041666014281,7.7379276027903,1.95181129763439,0.912336462644799,0.335724824704225,12,3.94156648897184,0.395986146914302,0.812687632808169,0.330271671428004,5.53249000869226e-07,0.616262354257009,-1.48720585297025
"161",0.959052689974191,0.889680040416547,0.475645852127083,1.8027900262468,0.514902062069684,0.123465131102907,0.562182593358633,60,0.999447591802249,1.18846613877041,0.00934920511713411,1.74518339460249,0.189402802643772,0.0606794039766617,0.146381066248462,6,0.0042782153435585,-0.268675407612606,0.999763549465457,0.997233242682995,1.92131278250936e-13,7.41634193355991,-0.80304047694431
"162",0.871182213642028,0.241042221742701,-0.391924941846622,0.926856436021787,0.651032474297518,0.121594991102106,0.444902948541463,120,0.99904031063725,0.0355000200316147,0.50893655908534,2.47285039302778,0.411377231915507,0.946861788297499,0.633105612168903,7,1.82112517094074,-0.108027145601497,0.893806705781531,0.226515362054576,7.66268425154724e-08,0.650812216560712,-0.228353816588683
"163",0.967155056406381,0.913032077689357,0.38100195729648,1.77766722990313,0.50314026804914,0.0667166411010697,0.625503637919598,60,0.999465621604998,2.25979443467007,0.00176444631057689,1.89408564552246,0.0637562345958636,0.0611593145998118,0.0967230664642305,7,0.00365581960212883,-0.347359432600863,0.999784287132123,0.998909483110821,1.64908706779139e-13,10.777525278679,0.699416373297447
"164",0.962041206947193,0.912230912886777,0.382513631272945,1.79308680315318,0.47911057254648,0.094836492329029,0.572648827161477,60,0.999485446844699,0.715151279821788,0.00808607191222628,1.56291361488445,0.0429215362290472,0.0526562718580771,0.160829839979556,7,0.00369767962990023,-0.498453868343099,0.999860520538244,0.997460372429492,5.75436778740938e-14,6.03480775100126,-0.364369126488198
"165",0.872084543896057,-0.154699982213861,-0.607100706422174,0.861069925923182,0.723548094395646,0.288498052968555,0.626301494302757,115,0.998940911023908,0.222066586314006,0.00468556107812995,5.06929920285472,1.34239691475087,0.98918266684677,0.626988048983757,10,24.2665421090064,0.193596055739084,0.659313821251303,0.555564738088622,4.66533792783578e-07,1.88521448227155,-2.91772419940361
"166",0.962464114561551,0.903657209184504,0.289374189372042,1.8427220681111,0.487179470881407,0.0776589980048643,0.57570421218601,62,0.999457119562582,1.27714342303984,0.00789050142981682,1.78553709973179,-0.187135331428554,0.0516232484948028,0.18177850298046,7,0.0150839409861172,-0.582394730834502,0.866721107672573,0.439650367433804,9.6282413014846e-08,8.04532815164056,0.243034404278664
"167",0.935597974669197,0.206044957710231,-0.54178291454168,1.11369658924049,0.691460605668025,1.03403967230328,0.581164340374437,78,0.999362553738194,0.0748255978932615,0.0156792052576799,8.96894915656101,1.85414432429832,0.936063588113993,0.547496942706415,11,30.1511623632078,0.144218868381052,0.688941742469899,0.570260631796459,7.02383082708658e-07,-1.07779695352387,-2.36833888094254
"168",0.966152862344177,0.891684114406898,0.413675083662915,1.73614044552253,0.519652423900528,0.0790699863775362,0.639076014093345,59,0.999485145948129,2.81188892876368,0.0100174086658611,1.93025141363876,0.0821909063140929,0.0617989924981947,0.0948456243067431,7,0.00300610498548159,-0.319918798390895,0.999795915674404,0.999224160729383,9.63253195447821e-14,12.0728490099114,1.33630161059353
"169",0.957431797053181,0.873504746503338,0.426364948912071,1.82300183879143,0.515905378554048,0.129340934340082,0.555853651375921,60,0.999447591802249,1.08388387020802,0.00868313846974005,1.70218784178215,0.20655481483715,0.0550217712004397,0.139058332013653,6,0.00221089518840198,-0.245592438058616,0.999822021756483,0.997655870559449,1.06903412665592e-13,7.05133583666624,0.175568815687357
"170",0.966644656969496,0.876926868545687,0.211725882214082,1.70951466139803,0.50688464176507,0.0630695644541867,0.640496760456989,59,0.999501364160885,2.64321838298567,0.00382509686141908,1.91808661751356,-0.0142142770526649,0.0712594188134676,0.107375284241038,7,0.00405386038634378,-0.402947826978248,0.999842697002927,0.99933804626685,1.13644252636436e-13,11.6177517865653,-0.413491014876815
"171",0.967932602985976,0.905816550962748,0.240591570423155,1.79161951757293,0.503876645282585,0.0657338382197556,0.634026615837158,59,0.999471887641285,2.43289435145371,0.00313322536117961,1.92659799772847,0.00823224557157509,0.05683714448282,0.192761511554875,7,0.00445319775853503,-0.378726325425756,0.999801796953232,0.999077240912641,9.41746254415301e-14,11.1789004598323,0.0610401866970008
"172",0.960676947451312,0.893358764535797,0.484944594409168,1.84650564898602,0.503460723819541,0.102654409548027,0.570349676832531,60,0.999447591802249,1.10550209353967,0.0141391144634221,1.7117034985163,0.144441723320346,0.0614484005014631,0.154805904411975,6,0.00315778649557969,-0.321329985931359,0.999846328214309,0.998034784807053,9.50734745267742e-14,7.15047938403864,0.509992524306182
"173",0.881400565179055,0.526635030788296,0.100689457182981,1.28601033528164,0.671042790151623,0.284132380980474,0.437071966860045,70,0.99904031063725,0.0779971189695601,0.409383380020205,3.67655874390595,0.999854789959284,0.747713934310771,0.449770513493358,10,2.32200834301096,0.175074040106519,0.853718018009653,0.39658598575673,1.22982451450011e-07,1.23230165343163,-1.51819926566329
"174",0.967037716967272,0.926653955825085,0.513571085110553,1.79591767426829,0.501800851914056,0.0690019493938301,0.621531826348313,59,0.999469409970279,2.10159459336116,0.000390798963490555,1.89542150794314,0.0675079362381065,0.0479866736507921,0.101331932633426,6,0.00282763109334323,-0.340335690724606,0.999829340598433,0.999062769606389,8.07218196960925e-14,10.4083081408278,0.0567403026083147
"175",0.963668294695521,0.909480072582083,0.509872106695971,1.83119507081976,0.502831809024763,0.0847245407901479,0.589933265052167,59,0.999469843515231,1.44682629155623,0.00468823511381304,1.80638174885369,0.104562028343482,0.0504573803412063,0.125751090322707,6,0.00289824565901587,-0.337693208405527,0.999893509091669,0.999020986573068,4.15948517923454e-14,8.24155451295626,1.03568529451285
"176",0.965115420744968,0.91632929406005,0.434041015685178,1.80875415445223,0.507475356352702,0.0869363194432089,0.598007837578133,59,0.999479485275509,1.76453705970879,0.00355738466087776,1.93679153509197,0.143124517587654,0.0454370152955004,0.244406605844835,6,0.00367656276633398,-0.277731983055642,0.999718443893554,0.997993789740801,2.42831292564351e-13,9.2853715508886,0.717792104324633
"177",0.87426635776834,0.151224887454817,-0.466953603812278,0.863023851880197,0.661777960983811,0.476691104621823,0.482475492082,74,0.99904031063725,0.0517402719124998,0.509103746067617,4.49544325720095,0.916765659882109,0.982879979044079,0.536862423150842,12,4.37778875275475,0.226409421749231,0.794083246755363,0.238951943011461,1.23317105844685e-06,0.838642895996807,-0.62305941396856
"178",0.872049288943658,0.25975768065555,-0.315872742379167,0.898628532301083,0.646912641792871,0.168413970752138,0.46955009704665,88,0.99904031063725,0.0518731249367556,0.470845596568906,2.95971180509998,0.630437435629658,0.962939276441491,0.442105339909837,6,1.67061788523814,-0.0233515778110822,0.889377686901076,0.372301123838427,6.8455812863603e-08,0.787292886859026,-1.70010517842722
"179",0.950758175185575,0.873672367168036,0.458329609053836,1.81451559043644,0.509948189676078,0.210860358664673,0.499288662809391,60,0.999406879355179,0.023664648009876,0.0268005152466722,1.61616520310621,0.163716246377099,0.0659939709699201,0.177471450022956,5,0.00558501415778904,-0.357656431213482,0.99980736748618,0.908785848567204,1.6349638445697e-13,0.553763853507749,-0.612545982300429
"180",0.880858782518885,0.33356756376379,-0.281217557462269,0.958809275579762,0.694063588346244,0.27284330021908,0.452476633847967,62,0.99904031063725,0.0329773027056799,0.393074746142375,1.92291743851077,0.37775677226776,0.930554889736981,1.19837818536138,9,4.32031408770243,0.0649725986707775,0.805215372756094,0.327708636125396,2.84234447516537e-07,-0.0436457455271416,1.38229060120079
"181",0.963854889455221,0.909407288753869,0.466941655489897,1.80993261249761,0.493591848985677,0.0849059917475507,0.590011809978201,59,0.999480122208906,1.30881537492359,0.00148693562426612,1.6915635636949,0.0467559318727314,0.0464646279291754,0.109461476981527,6,0.00321869968911467,-0.43454197244393,0.9998132514602,0.99808477069164,1.42724270729268e-13,7.92393965908662,0.181286350147236
"182",0.843210551631236,0.479857191548433,0.0765943221791156,1.17741429132031,0.726056056419805,0.548887535241486,0.376351257362017,60,0.998790831618548,0.0616322434083889,0.584142441415058,3.8841437764882,0.990610755929175,0.902933765063197,0.475367657430028,10,1.53975181314043,0.215915495038218,0.777181573611237,0.251644425640827,6.8024977244711e-07,1.12248644043674,-1.53668787096819
"183",0.965085898673721,0.914951691447464,0.324002817491812,1.8460054312699,0.481279942588259,0.0760169680555949,0.591496018313335,60,0.999501778738251,1.16978522799043,0.00153827158127907,1.7222669091432,0.0305488010593152,0.0503726679835569,0.169126510123169,7,0.00311617730284202,-0.419162884860686,0.999780106161294,0.997523897292184,3.36837996299844e-13,7.51458927300476,-1.01173041592495
"184",0.951068382466089,0.487863686950467,-0.36524158473788,1.24809087141447,0.529920705718956,0.0294911258399322,0.677549707202468,66,0.999257317653787,7.28065037339756,0.128007860172718,2.39804044763631,-0.164917969616065,0.131532325555084,0.477145106581032,6,0.0738698028012939,-0.397722878132347,0.00446457981460635,0.501354632741952,5.1043747075854e-07,19.8689388964073,-0.314429360908296
"185",0.966611038754152,0.88550875472654,0.294466137067456,1.73702731195533,0.508180128362629,0.0706004231854773,0.634954576112759,59,0.999494477905658,2.50522840165103,0.00556846270920604,1.89645595726801,0.0817975047229783,0.0765161560352364,0.155345105848043,7,0.00332332122709793,-0.326654510123741,0.999829969329423,0.999241307706863,6.22412551748064e-14,11.323446666515,0.981357706133097
"186",0.90580199108587,0.0339292518687424,-0.604698590392192,1.05791220135646,0.63782956879776,0.201455764009776,0.548848444441967,74,0.999236328168076,0.176583153639305,0.0721474913818852,3.07219856743923,0.904117636984354,0.955355159314983,0.847855442237438,10,2.69945704408639,0.378915665764364,0.838032362187494,0.477451309333196,1.13680272142902e-07,-2.95617411890209,-2.33191306991694
"187",0.962318691188511,0.898884016672448,0.498611431642279,1.83711193883095,0.507585091333691,0.0948268165036761,0.586403968304798,59,0.99946031148024,1.4900380228474,0.0104090151044287,1.77542726374814,0.0545372809495045,0.0644504912060133,0.105076023050088,7,0.00323416886314492,-0.399430232891243,0.999836051044631,0.99854486680061,1.22366633045165e-13,8.46737382237296,-0.132361630430415
"188",0.964131405412624,0.898802624980619,0.387948844788409,1.80583540759121,0.489483794699145,0.0792812144630897,0.593311987073314,60,0.999484280389733,1.37311378573066,0.00249206903001899,1.71885800273659,0.0341198615686873,0.0525534627633907,0.157531566139762,7,0.00451608531132307,-0.413744937336737,0.999872299621056,0.998745968994081,7.24480796564092e-14,8.09112405677083,-0.102518363631828
"189",0.889668752477964,0.239887750234066,-0.348090822201511,0.919404469620812,0.685909151298349,0.990721883839057,0.486083007506886,90,0.999081023078858,0.245868243254586,0.402751619790268,5.51226593753073,1.08400118487158,0.984390545278092,0.700334488564869,14,4.1869514204124,0.0895168678266138,0.747324512540093,0.420917595366114,2.30256362693137e-06,2.98742774414959,1.3290576177745
"190",0.903276533944953,0.264604669099026,-0.444984221183306,1.00951493357249,0.588345964322442,0.161744307073851,0.494433657675207,70,0.999222872588155,0.0512177022816218,0.272041655843099,1.9402703260629,0.196009017173847,0.935915607556326,0.587604815433958,8,0.922879981751882,-0.197333054432175,0.884286235048752,0.145940396354043,1.00628964926096e-07,0.649144536569575,-1.72677313453038
"191",0.967933406222404,0.911542559571275,0.47671694235808,1.76202609857268,0.508609805754083,0.0647116855422864,0.642547998863609,59,0.999467366911779,2.63913466975133,0.00613621162089512,1.95688034403411,0.0737543083263753,0.0632313792393182,0.154855272329099,7,0.00529308769165777,-0.315347300023321,0.999803580244488,0.999213863508326,1.00021905267218e-13,11.7348413917158,1.83245307312417
"192",0.961892375163333,0.880192677836594,0.363730149759535,1.78430237901089,0.503056768306819,0.0890918167138293,0.589226550674648,59,0.99946227979824,1.4289140317388,0.00695529940899879,1.75794428737284,0.0484724291131849,0.0708318319736327,0.205002932996665,7,0.00412502637079736,-0.41040013643419,0.999816158431876,0.998301733301979,1.74529260793173e-13,8.31719989686535,-0.0409663676510577
"193",0.966213148702687,0.908277339474833,0.368669173608891,1.77439330190868,0.49920481823541,0.0724651322407342,0.618652989033841,59,0.999501913917032,1.98500354634234,0.00522803880243699,1.83594106206426,-0.0387126289961344,0.0585899105946026,0.130710193764689,7,0.0041389460917515,-0.434580984347805,0.999791244804376,0.998733829920129,1.86834344818978e-13,9.99081570733339,0.136534556999086
"194",0.965806220332792,0.910740140598918,0.45865302097518,1.77954658337055,0.498826426231809,0.0712871795989958,0.614948801253709,59,0.99950110554319,1.90045159073994,0.000906699636184979,1.85157067593235,0.000835104698530917,0.0578834316770589,0.113745036591817,7,0.00308428745063393,-0.397150096277153,0.999853572562484,0.999088846185045,6.70276495019322e-14,9.83458641434659,-0.329902334112712
"195",0.842565901844623,0.285616261965393,-0.214777416397863,0.883625136651533,0.711433804873162,0.410295260964756,0.432169962067617,70,0.998775364179346,0.0834429552052728,0.807365830117667,2.87909411248117,0.634771893442629,0.961310246470372,0.632029163470584,9,0.882213255836354,0.0396695880839104,0.818758122406948,0.404357395086235,3.87895910972366e-07,1.15591486924413,-2.50145603299592
"196",0.914049938122736,0.0399451732354929,-0.62037624474452,1.03103516114765,0.681736256915886,0.580289547791045,0.614248421396155,78,0.99925306958027,0.0310028689088235,0.0177284392338173,8.47828110971477,1.91956282216448,0.970561556051959,0.643190747586641,13,33.0255948974344,0.336238913940858,0.721891452480397,0.503707699009521,7.18817037080386e-07,0.1943201567856,0.644451573064929
"197",0.96347045810983,0.891829801745365,0.360295767858,1.75612160485402,0.49427567764301,0.0789959968143726,0.599100920979923,60,0.999485032301676,1.50253930187553,0.00489775738953415,1.75913552422279,0.0143971016248197,0.0601637181874846,0.107394998790576,7,0.00288426232557904,-0.416401350719601,0.999853178714223,0.998783644453295,8.4351851979211e-14,8.64081822667284,-0.837119522041482
"198",0.898896814634673,0.00474895332768201,-0.552359923441855,0.950544479008829,0.681672906456038,0.276742497780512,0.620626922499174,90,0.999126579844752,0.131931515824931,0.159424220527851,5.50071333561166,1.59761239807389,0.979812699811932,0.650850556617145,15,6.08561173259456,0.461001641134513,0.742012179744305,0.566584371933362,4.2824740042836e-07,0.168796561182959,2.14090220635061
"199",0.963497801039114,0.899298334434441,0.432073528925241,1.78926227417403,0.509960355720705,0.0861403288356936,0.595242638526449,59,0.999466829080671,1.72600653041785,0.00303917778524665,1.81596061046409,0.187711744435081,0.0640792725824535,0.131283858219233,7,0.00405308587074343,-0.259445630505058,0.999835898463823,0.998766091190015,1.17901267535888e-13,9.08766106293104,0.0362085216936836
"200",0.976670249369358,0.909190086745635,0.37982690007234,1.72926053988008,0.521412501471809,0.0380130542024365,0.753270713137705,59,0.999508877771974,5.49939592913804,0.00164941099310242,2.24588161071758,0.140374161743055,0.0654888618706099,0.1265243227591,8,0.00505481579949229,-0.270053816759747,0.999524087779702,0.999404955726527,2.87387998727772e-13,17.638965392401,0.617679613100296
"201",0.935378327707991,0.543435680354875,-0.312358988384346,1.23566525443503,0.553786883415988,0.0551243881324115,0.577061936840186,79,0.999258333201877,5.69918400684131,0.183585225579741,2.46384556151332,-0.210830051208785,0.539638199109573,0.426883723638585,7,0.107208713199598,-0.408427942033882,0.0126801557480003,0.33002036511634,7.4251645311781e-07,16.918148640389,1.61343000512136
"202",0.960187381058259,0.885274407079423,0.423170636842876,1.79787399500101,0.5025964911696,0.102396725506862,0.57011243661973,60,0.999447591802249,1.06469109004117,5.28788127346677e-05,1.66304843906773,0.198879680424597,0.0634485014849358,0.194202851112903,6,0.0050333626074921,-0.257877596254142,0.999784038200311,0.997186809404188,2.5961478685459e-13,7.08268027899206,0.604851305178235
"203",0.956731979181394,0.870178370906419,0.409645124367788,1.74225527385585,0.526297656366672,0.130567406780298,0.558301030343941,59,0.999447591802249,1.40394170731755,0.000684115954849601,1.88403528388961,0.389530639907854,0.058747503627044,0.168277807645086,8,0.00485162180677337,-0.0218497479945749,0.999787830195009,0.998043707326875,1.21644982690315e-13,8.23045501960603,0.662247157702515
"204",0.910586980851753,0.538201667312457,-0.104432226189038,1.19271478754747,0.62361830189782,0.182556267900114,0.469832674990254,78,0.999231669762554,0.0493286028366601,0.304298060521628,2.88914848577956,0.556460313283176,0.8406681831662,0.415603837227629,8,2.4192121098659,-0.0719582808379529,0.90533019415486,0.370803907674025,5.82769597465187e-08,0.778595581278057,-1.33314370051713
"205",0.911935527822108,0.207029339130394,-0.490473975529621,1.00075454649536,0.633656628108373,0.143107862591863,0.576029294975457,82,0.999224797837375,0.0879168985795097,0.0907474564843182,2.80886928401647,0.537696072151772,0.944221534713905,0.636463021308455,9,4.7743938612896,-0.042721681054434,0.811239851307846,0.422802937006319,1.92027850651906e-07,1.22944036653192,1.23131721866178
"206",0.967623980490631,0.915752096617476,0.514103059721945,1.78665647812591,0.503211850739775,0.0620226367853913,0.633824820951104,59,0.999468850795055,2.39008735931931,0.00224420571138813,1.92852212699366,0.0146919102987393,0.0552035498920468,0.105748267332017,7,0.00280851676880091,-0.360789510885241,0.999817273329562,0.999136908891045,1.40837670479127e-13,11.0526926307994,0.879019265123021
"207",0.965697893664667,0.900237454181191,0.383788894619219,1.80091581661863,0.504537896451928,0.0726857402536948,0.614876197454177,59,0.999491772866069,2.04259993284514,0.00395747489394433,1.89210838519715,0.0943485621684784,0.0623215868243585,0.167424582375796,7,0.00170861144606663,-0.33619593413146,0.999808935027163,0.998875643006786,2.98673889105177e-13,10.0384441083285,-1.28723136541555
"208",0.876944881737534,-0.0354390802208441,-0.552794223349368,0.973518340644149,0.629552923091836,0.228243634722885,0.539638149458751,66,0.99904031063725,0.385919456174349,0.271401721811971,3.4338827881466,0.973532154204444,0.979323517173671,0.546488085107323,11,2.00394126636695,0.34619407580292,0.874423161539681,0.433719204811839,1.48217314869395e-07,3.58245992259855,-1.53041938956196
"209",0.949311661529696,0.491848020067955,-0.469996419463554,1.3611832882313,0.613919938086277,0.321937148526547,0.625471731191608,69,0.999406879355179,0.0930640769820949,0.0415017183773773,4.75872254798954,1.16879855825702,0.769290862476095,0.687211171334729,12,5.08462241531444,0.204801875111326,0.834490317333223,0.587470339707598,2.83446220977752e-07,0.301755150626424,-2.78842397425565
"210",0.858036717835927,-0.0301098896192267,-0.563141541435917,0.813152712802884,0.671922532152953,0.482445326420665,0.479749690178471,82,0.998955380571453,0.0788647179019113,0.256869126316415,4.78183699396581,0.861015174959013,0.98565851161565,0.604788956048176,10,4.74428291680171,0.0262433098264144,0.744653157306636,0.256505699225146,1.01350593381091e-06,-1.60794853573838,-2.47791650784374
"211",0.965390309039971,0.907075908460609,0.452772087166099,1.7731841709499,0.502093184176726,0.0717179233911267,0.614153502173744,59,0.999492821987845,1.93986185485326,0.000119501397210079,1.89187295252331,0.0856846068477154,0.0537013688202377,0.097636374560079,6,0.00349171441872231,-0.323964500693011,0.999845772083153,0.999052442675591,7.91764584294327e-14,9.90337594355946,0.491586978686583
"212",0.963470847195569,0.903764882633599,0.374818876770689,1.81394979669244,0.481486862213537,0.0794028884456717,0.581326123641175,60,0.99948684489248,0.974482870894694,0.0179817604796,1.70328323369809,0.0345747274711449,0.0545444592050102,0.12734938787562,7,0.00148732887803458,-0.427561037301007,0.999756278319588,0.996576339804786,7.95209486941882e-13,6.78952578132717,-0.895617807311502
"213",0.963484794037562,0.917537327021519,0.545617021114939,1.81642988550553,0.501198588824012,0.100978189490524,0.587386208821807,59,0.999475212489596,1.39776906612452,0.00563815316511803,1.72986068992106,0.0148939866870573,0.0488750279484399,0.208881967262025,6,0.00321064805761285,-0.438053117419432,0.999879013721463,0.998851788956084,5.43777329991487e-14,8.21552449504658,0.379953902334503
"214",0.963759833100177,0.914712313032367,0.470409186403282,1.785582242557,0.486766826085921,0.0777086220544299,0.593985317263926,60,0.999497665771988,1.2611235544652,0.00546448237331009,1.72747977654374,-0.0681854403911782,0.0518737851946497,0.138764970646846,7,0.00341570274113666,-0.540980247316375,0.999815056142152,0.9981301720458,1.19635005507895e-13,7.81353872557084,-1.62293556491729
"215",0.965936444998424,0.915358202750262,0.512213260660426,1.78599093844493,0.506111509793463,0.0750068086439622,0.615890886762249,59,0.999497258066334,2.01021166391746,0.00137508342398882,1.90772773679935,-0.0324650196678909,0.053299725151525,0.149384651322079,6,0.00361177164382218,-0.424356410276539,0.99983930183048,0.999074611514703,6.58110687970881e-14,10.1177100621739,-0.715869960680634
"216",0.886307549712,0.123988083240481,-0.493749501680647,0.875256158517589,0.706855609513026,0.1549368930471,0.56567470948198,122,0.999081023078858,0.0517611759253491,0.0332099036724759,5.86392332652498,1.2090992252779,0.981403808862816,0.756764299658863,9,12.1611009924688,0.0529963317103707,0.738588207064032,0.456958410867315,7.23842796075466e-07,0.361842542786184,-1.22684864730762
"217",0.959086632596619,0.858712015128988,0.306150394502758,1.74828057867758,0.51152755090625,0.101025041174802,0.572840683954797,59,0.999447591802249,1.27941284633444,0.00109274654027335,1.77140825664474,0.238811787887333,0.125513702650955,0.1714102863339,6,0.00223410498210238,-0.199128024101061,0.999809265202266,0.998018214360004,1.37030673671192e-13,7.84752620336205,0.563104685755759
"218",0.966674117669203,0.906977174200113,0.417972831766557,1.75599744655766,0.50788612400008,0.0654654923082057,0.629499467293948,59,0.999501485401355,2.33891811455488,0.00396600684070763,1.95576978312097,0.0267236340402533,0.0556752234403051,0.0834529769152417,6,0.00374318311755626,-0.34579692337406,0.99979611693193,0.999026919990454,1.17707352791675e-13,10.9846625235729,1.20210394168254
"219",0.853243558791974,-0.0498648179193017,-0.600209604192658,0.826584524291764,0.647555232375256,0.212002606665321,0.456932197328221,108,0.998935442337037,0.0487519291080822,0.313246110016096,3.2065950353263,0.698769756360775,0.982430842091282,0.554321960768803,9,1.10117679558151,0.0198034824407794,0.844517607463953,0.231077638947639,1.7457307357808e-07,0.947212105231022,0.383935681878059
"220",0.961549816434358,0.88688787564287,0.385648490849378,1.78825086183551,0.511367056956187,0.0951160666588955,0.581257185807028,59,0.999447591802249,1.49227021501222,0.00684621435883418,1.91454020675494,0.260824917391836,0.0830591719707278,0.182439260433628,6,0.00350862870117724,-0.186890612948448,0.999722160079401,0.997547267882658,2.50076978711006e-13,8.46086441014862,0.579655663233383
"221",0.963573828353365,0.906472224109531,0.339477921587335,1.80350220875324,0.496222683997913,0.0921949520392503,0.581141760645848,60,0.999479077634078,1.19901258840269,0.0419709142509258,1.77869791767567,-0.0689214645867983,0.0606142261700974,0.193431105118665,6,0.00242048987003716,-0.478424576927894,0.999865911783411,0.998460297217392,1.55154026402243e-13,7.49668999219812,-0.64016808413773
"222",0.912486625540028,0.0794359243630957,-0.561249478094836,0.988287044763436,0.689866565064604,0.410789780199125,0.587695721638379,86,0.999215160424799,0.0601822847330896,0.151107928340417,4.47126892760994,1.30026923616397,0.977075392521618,0.629327961873395,10,10.3940928351691,0.312737225208523,0.709710579438786,0.573429514884389,4.12205394009721e-07,-0.181321191508738,-2.11856300605406
"223",0.967567992670123,0.902829476545699,0.22108108108108,1.79264456638961,0.500549202507901,0.0591208591058158,0.631817202694373,59,0.999488576601598,2.31336720849203,0.00175278425616693,1.9769814059806,-0.0322054271199166,0.0658167321588569,0.150852469487345,7,0.00259863087046166,-0.398820435089255,0.99982537951547,0.99914188021819,9.30482552028426e-14,10.9137894440097,-0.473502668748085
"224",0.864394309166751,-0.197086117980102,-0.684191097154362,0.961239798032303,0.681763433923058,0.415385624581672,0.518605319196106,93,0.998980447021869,0.419670493794662,0.164408059277626,5.02022212178648,1.30316233086776,0.966382287462514,0.696621937830816,15,5.37567400803696,0.225763663150905,0.791076528828731,0.466204714005733,3.58807516394663e-07,4.11238754970648,2.66931916543641
"225",0.96784440568713,0.904380967251537,0.456224103765088,1.75319636634472,0.509255735168369,0.0604410417522304,0.6481116544112,59,0.999468029170132,2.82967196661777,0.00336466054932047,1.97152972736859,0.00891817651565164,0.0494200357849208,0.0912736574702335,7,0.00387841075931054,-0.364812008460604,0.999810620299289,0.999283266962384,9.43966838561748e-14,12.1435086575492,0.349565255986664
"226",0.965759292939613,0.89505691241717,0.32668962393315,1.75809388527142,0.506797437631241,0.0716856235358859,0.622421501429177,59,0.999493374543101,2.18930921300939,0.00513429483818263,1.9339443042803,-0.0129859399354052,0.0639020235118821,0.0849734944607613,6,0.00549829068199239,-0.389335434305042,0.999807056956884,0.998967711119827,1.9732446349508e-13,10.5278541893681,-0.255221978436033
"227",0.964497818809808,0.903223908216493,0.450757053799514,1.78191991579183,0.505323429253585,0.0809828989208505,0.604709925506522,59,0.999483783026005,1.84533916683586,0.00306278632378426,1.81611218305841,0.0688367076405458,0.06014547565494,0.105836121580693,6,0.00218717232714613,-0.371346386179981,0.999825016440412,0.998838498130614,1.04909917434218e-13,9.62248203535745,-0.289451257685041
"228",0.966971693710921,0.896339839417744,0.315455054866092,1.74287966691228,0.507024143544529,0.0648457919851613,0.638796423279349,60,0.999467661654269,2.56696662580876,0.00373433821019661,1.93633825149653,-0.0125472429424279,0.0719359192990312,0.125847893514986,7,0.00370161184828462,-0.394483195334324,0.999824619998113,0.999245033871862,1.39310386336307e-13,11.536632933184,-0.533908888896967
"229",0.967874316275061,0.906552735462121,0.421201723667009,1.76274978821502,0.514525102891244,0.0632474112914737,0.641525664377007,59,0.999502864853578,2.7993579877928,1.12534452896694e-05,1.9957773821828,0.06586691930608,0.0678538095614352,0.109132193579589,6,0.00353501397664861,-0.33030123742602,0.999850202401083,0.999410974802361,1.00945464012904e-13,11.9301517284872,0.202194311000182
"230",0.920657771062014,0.12529128068195,-0.605166738721509,1.10850612202785,0.626498064752986,0.751477722748442,0.522765168198445,82,0.999301628293516,0.172929836956698,0.0301794131909815,7.28954058213476,1.57382014509744,0.902304339170157,0.492438045961402,13,10.2711199320867,0.218735266933966,0.807072377490932,0.495079656403986,3.62022823785111e-07,-2.51304508584152,4.47131950767799
"231",0.960992761681637,0.855609032509208,0.180495692757314,1.7140418372266,0.50625131901692,0.0885682517477745,0.585912042298573,60,0.999455037950828,1.47549110008511,0.0134640112369448,1.75761301407402,0.162915163497453,0.0756416951200413,0.157858417212377,6,0.00351776453879965,-0.294592296486374,0.99982205204857,0.998410067888248,1.78030589014233e-13,8.43762584752729,0.236471401720509
"232",0.825422983496583,0.330568407891356,-0.089923092318472,0.962255359599198,0.738304243427979,0.38053856943463,0.405541903635209,60,0.998635089768376,0.0805510732371961,0.965513946317907,2.94356887227717,0.724846185496213,0.957378922279143,0.701026632266594,10,3.35009427562445,0.0817885418554594,0.831524188431054,0.397066734688149,3.5207899997602e-07,1.37794957817343,-0.923754224269719
"233",0.94446238788266,0.748031293490713,0.0111673615247182,1.57439967270531,0.498972317656973,0.151490058036622,0.505256997137267,62,0.999406879355179,0.00669255164700078,0.125846110809446,1.40046422532255,0.0708855613925673,0.152879135749139,0.251748037435086,6,0.0256690840822136,-0.750756982951128,0.870332182002387,0.0223047519262093,1.07748602603322e-07,0.0750283200177475,-0.571954844094127
"234",0.963510607147711,0.926475919150654,0.481403649328732,1.86502400011094,0.46905300570728,0.0816417976260942,0.56582807949533,60,0.999486895922557,0.481073018762937,0.0054160030253518,1.61722351519223,0.0809589858141351,0.045530008485701,0.163626208343937,6,0.00297060425030084,-0.404696154361418,0.999831111092436,0.994441811262085,2.38443353109504e-13,4.54320962520186,0.330262113045679
"235",0.916304841513932,0.42651159902413,-0.347607438799663,1.12633307705669,0.593767299436483,0.153516978952479,0.507172828678182,60,0.999273755248424,0.0707699147809335,0.209645693854006,1.84388314840585,0.204710435377825,0.862082336857291,0.453463682517499,8,0.694652488841181,-0.194141696789419,0.865978767555483,0.200122388619763,1.35401553664218e-07,1.09502388493895,-2.00553226330611
"236",0.96442995021932,0.939062228536678,0.543830045315457,1.96863228467446,0.464300566560862,0.0914921787554889,0.553936848522176,59,0.999483168065942,0.0514693051292288,0.0141213293651445,1.56745130136364,-0.161586708748056,0.0268849141301868,0.155040990136045,6,0.00450493365846138,-0.699903258336973,0.999805295916365,0.98350179914333,1.37935516231866e-13,-1.43790786828871,-2.31579906660364
"237",0.967384777735561,0.915699553808839,0.291188785727288,1.80996461889874,0.500114522752104,0.0662470923339311,0.62689404568985,59,0.999488616723115,2.17459992409832,0.00172836542429203,1.91179117268012,-0.0340478518763343,0.04599818563176,0.114607755301098,6,0.00311086449066709,-0.41345723731152,0.999838240344593,0.999145974970295,7.06782551720449e-14,10.5797951000267,-0.649753408417416
"238",0.968191089488194,0.916315482402979,0.435912430168724,1.7819850649311,0.506181880794142,0.0604614897118819,0.637602871287737,59,0.999473558281477,2.55457620404319,0.00333782613927427,1.96304443753458,-0.0560375206236548,0.0548877713638903,0.0861765407178157,7,0.00348044742272291,-0.420773836921331,0.999784834376585,0.999051122556152,1.23008505408448e-13,11.4206996625079,-0.166117544966774
"239",0.970895659080707,0.903969670830944,0.401874955256122,1.72406171155897,0.532491584952314,0.0594975306250921,0.696686639849907,59,0.999491231090961,4.23019036098722,0.00264834731659954,2.2579515208744,0.138544282551825,0.0752041059874696,0.109988784625599,7,0.00540292434156088,-0.256015767443964,0.9995849921329,0.999190315200322,2.83401210574582e-13,15.3181410220797,2.0925669208335
"240",0.935881874291882,0.781312815390236,0.15896928087684,1.60288600385251,0.516972877392652,0.187720810144761,0.419716043786526,67,0.999327244311689,0.0194981181412887,0.126518066032461,1.47510278455719,0.0827430643199464,0.449265177617157,0.311153936192299,4,0.030628477943308,-0.792232224944647,0.14632808633552,0,8.97064839284838e-07,-0.555613844568892,-0.32226656503269
"241",0.964344411184971,0.888799243264162,0.274059734513275,1.75914645302231,0.502675598021711,0.0775020054483697,0.606399406687462,59,0.999479946579911,1.80527409283471,0.00291475038656367,1.81711997017155,0.0709367208939465,0.0670725396263759,0.0996016177462672,6,0.0047763373716355,-0.354046761728373,0.999762187468272,0.998389172316725,1.64788572449959e-13,9.47474185539917,1.17953148146665
"242",0.966552911632931,0.922886737780376,0.522794810394572,1.79684146709573,0.495625518346144,0.0684324009591678,0.615546819774449,59,0.999464543669734,1.85959101775564,0.000800716380802034,1.84984546421142,-0.0214074383384836,0.0438091799821803,0.124452141446809,6,0.00322207307851803,-0.406846638543417,0.999838139190583,0.998950351803918,7.70663111147212e-14,9.65709058177082,0.617454319542244
"243",0.964150355680306,0.943784303787296,0.544156013785797,1.98314121444467,0.463731520379042,0.0805328869710909,0.561356751966425,60,0.999489698347542,0.218866492178155,0.00592263441164053,1.58428897700307,-0.133680154555127,0.0297395840020382,0.128521514963983,7,0.00768359725650434,-0.755370593129847,0.99976845789821,0.988542455336183,2.36620012183187e-13,2.77913312837253,-2.41604333642108
"244",0.949914628138378,0.620378139297891,-0.348972211809219,1.44435048931655,0.589873254957837,0.276347361399755,0.604501644328609,62,0.999406879355179,0.0679767998644956,0.0159970373370652,3.28617476038965,0.874204608320625,0.555003321275478,0.593492126657116,9,6.33729515494177,0.238702647151691,0.862539141675604,0.513355774487822,1.07967984400206e-07,0.591583911484991,-2.15993647677838
"245",0.9644588788667,0.896025917939891,0.385157236729712,1.76204577802238,0.501834658891965,0.0769104650382558,0.607984065704814,59,0.9994862849269,1.82201378569478,0.00965124762799286,1.8473288656281,-0.00443820952865371,0.0606379614355879,0.121679299563075,6,0.00376187408418027,-0.396768172224413,0.999801045140724,0.998679570997983,1.68678330819956e-13,9.59842111541788,0.379480729103685
