"","X1","X2","X3","X4","X5","X6","X7","X8","X9","X10","X11","X12","X13","X14","X15","X16","X17","X18","X19","X20","X21","X22","X23"
"1",-0.217072958821086,-0.116730488000839,0.370324678363244,-0.291147521987948,0.499700503824642,0.0753160962103351,-0.319199398148508,0.414311186237357,-0.150448696774326,-0.0948206082977775,-0.0217135149523742,0.0448617609284359,0.106138526862689,0.529965255209504,0.0800497153736456,-0.014963707565289,0.00211111691247664,0.00763817932430086,-0.0167032028530589,-0.19251882858688,-0.00268181755491812,0.00563725933603687,-0.00958439735891048
"2",0.0257831731601776,-0.229907171522938,0.43811650874265,0.0776756713471831,-0.0630707440232098,-0.00350007742302937,-0.0186900042941821,0.079427465307124,0.0328254789149486,0.0731033021264938,-0.00339839738729683,-0.00196221987889129,0.0172895617261124,0.387697343476832,-0.0550667125361965,-0.0128360479908209,-0.000240076897242084,0.008869705972296,-0.0175232073428233,0.0261959152415568,-0.00279629933214179,0.178122504778639,0.16833149390838
"3",0.0438587319529246,-0.0388309941977593,0.363980739699157,0.0155043328468257,0.0179337767623565,-0.00384654676440694,0.0345120524620968,0.0143111862373565,0.0354467276494835,-0.0307240297636112,-0.0217406006125234,0.00666540382042701,-0.0862100655433897,0.102013519042178,0.0447253482890904,0.0041852286049238,0.000630295081930862,-0.0196509745178263,0.0118802479383379,0.0435292175421685,-0.00280104807524934,0.108204305747556,-0.170080992377733
"4",0.0390104060792823,-0.101372167085415,0.413604184670195,0.0139574595259655,-0.0611859921723379,-0.00466801092356192,0.0242413283965638,0.0747763025164263,0.0346536180554625,-0.0724415244396303,-0.014946189042202,-0.0011213648531898,-0.00370115137398369,0.133238724819793,0.127362318493041,-0.0192190267142251,-0.000142111033916575,-0.00479014070153627,-0.141739633920423,0.0388652911327876,-0.00280295779708195,0.0197753491388952,-0.349254561636681
"5",-0.0209944221039328,-0.0192923080887958,0.372717618672301,-0.0388349388419817,-0.0836759589072624,0.179219790522146,-0.356055825055385,0.0608228141443333,0.0344850787545313,0.00839459843400511,-0.00726304120126888,0.199937924733708,0.34141448062467,-0.141971184501342,-0.142628620167156,0.125461824349605,0.0152150105528546,0.0230262206495535,-0.0820119704249504,0.0202561859165072,-0.00270375385568754,0.125977124447061,0.139844964274689
"6",-0.0293051764068927,-0.117189225692689,0.378333333096205,-0.0727737989909561,-0.0876706937312028,0.121722356459398,-0.313506730451836,0.116636767632705,0.0341188801018988,0.0386920776097723,0.00549550739957042,0.160696635828258,0.286370413869515,-0.173573348030578,-0.127165069794594,0.0573767179666259,0.00869223661275594,0.0118280886585947,-0.0420910340777878,0.0146048328222047,-0.00271743069885962,0.132868215311473,0.134942655312983
"7",0.000568994392553424,-0.161880417419326,0.457473081872054,-0.00815767705744119,-0.0884796492608185,-0.00211054212968998,-0.178152915501118,0.0701251397257286,0.0354712380115737,0.156641563720161,-0.013796341137535,0.0527212882690938,0.140717869392401,-0.0813521929417771,-0.13047837903426,0.0212065052006685,0.000351822037146695,0.0193128665260605,0.10793082664485,0.0378827065278846,-0.00280035237379196,0.204400466221786,0.103107245238042
"8",-0.0887467114785327,-0.249997033865482,0.4544820906696,-0.0396668204306697,0.207200736815944,-0.00117254088894595,-0.097074146345981,0.153846069958287,-0.0655310463728753,0.180241640382182,-0.0175218806011095,-0.00164531369132813,-0.0280896672504027,0.507736470264789,-0.0294213702511599,-0.0213466862886932,-0.000171498351147622,-0.0126468795703581,0.0332760814735018,-0.0660420970082348,-0.00278700585117385,0.144960719335233,-0.043669426404927
"9",-0.417707756505883,-0.280879291898087,0.507683995550208,-0.38337849365226,0.571943267091567,0.299864783778887,-0.392335883359671,0.493380953679217,-0.563844700814536,-0.0571215034995081,-0.0169613358544006,0.118511336512191,0.175240377384471,0.529841917721311,0.0676930053363152,-0.00432540969294855,0.00261296654919999,0.00678289701673918,-0.0173792335564743,-0.390592143658092,-0.00212118034533077,-0.0050590109168076,0.0685136379449951
"10",-0.106380307299333,-0.262032483427544,0.671013513745693,0.00984686555571468,0.173885452883242,-0.00159311466807179,-0.117615336326619,0.36779955833038,-0.143449045856413,0.203175571418479,-0.0200648638947213,0.0014208235384289,-0.00449572618123489,0.438284888614385,-0.0206404200241234,-0.0298573245865656,-0.000196793758486934,-0.00369183203876269,0.0907545375193861,-0.0706571727187941,-0.00279005128605676,0.156428714676387,0.0215810812941873
"11",-0.130638367072233,-0.214083876953542,0.717655723218762,-0.00248532089045456,0.269130285997589,-0.000637102067329428,-0.161640942608444,0.330590256004798,-0.143306709966767,0.10919867011687,-0.0205294726012349,0.00142175705141071,-0.0078144431015896,0.458539017493641,0.0656083178505643,-0.0256020054376294,-8.1422827599558e-05,-0.00471286725100709,0.193259589416719,-0.078397746567814,-0.00278716847211298,0.141286421293885,0.0298980206079102
"12",-0.159143231655417,-0.312482786512148,0.558878672019506,-0.00496421386536772,0.159586983349733,0.0202021088531608,-0.137051138075019,0.22826467460945,-0.253191320016639,0.265200200647429,-0.00962084283123345,0.0027249473291975,-0.0469708025613606,0.492986126744847,-0.000591213009841329,-0.0128360479908209,-3.42925564105887e-05,-0.00831205599174936,0.0325082675567973,-0.122797341213609,-0.00265328738246418,0.213600351882321,-0.0577668933894785
"13",0.0344040846999264,-0.277415215004696,0.970014594398945,0.105764138269406,-0.0911432162026111,-0.00419198781362894,0.00960797907348254,0.0189623490280542,0.034971489508923,-0.0238048695717134,-0.0102563938434152,-0.00245548419643004,0.0165952045547366,0.0878903499206388,0.0309085483441487,-0.0192190267142251,-0.00010650560656751,0.0111841257958187,-0.182764081760876,0.0320390770798412,-0.00280322631648584,-0.291153244718668,0.0319333508160905
"14",-0.108691112685648,-0.226155442656451,0.551970447255694,-0.130022862413911,0.247624813224321,0.0398310857382645,-0.139332726564555,0.158497232748984,0.00814762081334441,-0.161767858387646,0.0298560796848077,0.008391315306426,0.0315581318016568,0.513238262747987,0.0810105806932453,-0.00858072884188472,0.000393814457392472,0.00118864885811573,0.0328749277591284,-0.0781694813953515,-0.00249257844198246,-0.0115129326187148,0.103817154825323
"15",-0.451127215206031,-0.262584566372922,0.456712257145448,-0.419467296319934,0.475937870926956,2.3608555292587,-0.41891995551702,0.251520488562938,-0.649737594009613,-0.176269720913095,0.00801806822495124,0.878599026671397,0.698520772644694,0.408009178099723,-0.0270385028101831,0.033972462647477,0.00301495477172642,0.0136398016102828,-0.0758534532521059,-0.453979076472981,0.0139730582069368,-0.0710141422630556,0.113706107696636
"16",-0.0145622690977524,-0.072237257613861,0.73738945895992,0.142045666964562,0.0349375905223659,-0.00376892373383144,-0.0567664836741542,0.200357697865263,0.0278234060812387,0.214537142501915,-0.0187493180420231,-0.0017432255450217,-0.00878596702647186,0.154665673202603,0.0234525750545297,-0.0234743458631613,-0.000161941152059734,-0.00571416890334758,0.229614032240554,0.00654804057681213,-0.00279903301556196,0.236795420389852,0.00170665438095519
"17",0.0513262280651715,0.133828476425188,0.368909599833159,0.11898885673567,-0.0304887672443975,0.00331774063191381,-0.0557897882349945,0.0747763025164263,0.0352541623686116,-0.149858639180161,0.000347057424068806,0.126980671624573,0.301985223949547,-0.0289557330970506,-0.279077686943044,0.602057569030456,0.041732905082995,0.0347481158000225,-0.179127289970074,0.0500433672395411,-0.00279374578470316,0.0282149884993209,0.167049207163201
"18",0.0232482332248558,-0.341604395480539,1.05445610082736,0.132098053594095,-0.0993497091249119,-0.00467187707804487,-0.0058873205334572,0.242218162981543,0.0331498339655202,0.0190214254211183,-0.00334759699169026,0.0024180027191495,0.0553173743515294,-0.0102307735689107,-0.0132943763447367,-0.0128360479908209,-3.82678689300352e-05,0.0274381750874737,0.107540930678662,0.0365584002672544,-0.00280340140584987,0.122049187465277,0.2775255313575
"19",0.0518582958486574,0.282132223526841,0.457828871151028,0.103805122797045,-0.0399927544842315,0.00259678026375654,-0.0847538406277367,0.158497232748984,0.0360674055024237,-0.148920846607197,0.0713591982436127,0.11730669030088,0.289770675587985,-0.043364540940752,-0.280605046895039,0.602057569030456,0.0223253260644654,0.0321492005209331,-0.203757517115299,0.0616786305413886,-0.00280457727222176,0.0318505133570349,0.175180871454322
"20",0.0242445821966724,-0.303277426545356,1.59088338553395,0.156713561375929,0.0244064556370444,-0.00456540293200308,0.00649131795717683,0.0747763025164263,0.0342862667141854,-0.16544260154676,-0.0137896245627626,-0.00137225315416686,0.0168928033934281,0.116503602675969,0.09242339728404,-0.0170913671397571,-6.38740368310975e-05,0.00837524444789287,0.160681708943162,0.0422410731731881,-0.00280386112258101,-0.128992427325518,0.241516012805141
"21",0.0493668974087981,-0.160807250923652,0.45148817013548,0.0251620185379658,-0.14332594767213,-0.00474827173447443,0.0411205872996158,0.0654739769350309,0.0360233383737701,-0.0644528628628061,-0.0195067702943932,0.00210207524355945,-0.0362006860765088,-0.130427425185028,-0.00880652464338272,0.00844054775385997,-0.000186008256050189,-0.016020616140096,-0.152541637907918,0.0490123011070982,-0.00280440524575318,0.0477540155116029,-0.311130951000788
"22",0.0428012834042465,-0.0824306347911408,0.436058323262068,0.0264140522615772,0.00297827460957512,-0.00415565449557298,-0.00910205471125591,0.0375670001908449,0.0351220477234828,-0.143779955554604,-0.0215900853485059,0.00215767749198087,0.0374646043930215,0.126787862930134,0.055827006820598,-0.00432540969294855,-0.0001038847201954,0.0181208413720674,0.0663299222267412,0.0481434655171713,-0.00280376222714333,-0.00982599768347914,0.235568577679026
"23",-0.148525222498201,-0.215949747703389,0.62947446773573,-0.104720830716814,0.325305088294935,-0.0017535094197814,-0.140376609816008,0.335241418795496,-0.129804312087946,-0.0440081060697055,-0.0167559604320111,-4.14244304189071e-05,-0.00677877586104153,0.507294060564406,0.0796985405317474,-0.0277296650120975,-0.000122394551546387,-0.00494738878317788,0.187646423785879,-0.0814215167821993,-0.00279846301769623,0.0301268652846579,0.0476483226162733
"24",-0.0885669901660145,-0.155241542400436,0.431087095659375,-0.13303086397516,0.327220161230277,0.00985496712526353,-0.146814359438416,0.260822814144333,0.0202304934336038,-0.155747036205083,-0.0160956876764853,0.0178035554734593,0.0772161999505902,0.522351765117956,0.204148545299491,-0.014963707565289,0.000172615309396891,0.0134760899039945,0.0824786589100116,-0.0601603809665883,-0.00277788444427892,-0.00659569506496827,0.0906553239209985
"25",0.0558658996312821,0.162170266252431,0.310801041964724,0.0857417309728987,-0.100782852936011,-0.00468048868697239,0.0346896446451771,0.0515204885629379,0.0358779575877637,-0.0147111545070444,-0.020658994131716,-0.00290344096967789,-0.0318316465115517,-0.288640372266984,0.213271615115645,-0.00432540969294855,-0.000124675867654017,-0.0167228619321962,-0.126640871145054,0.0551634238939415,-0.00280472153021992,-0.274244600132633,0.263948073324638
"26",-0.117713621908791,-0.141320049167297,0.727374089037668,0.0210440248738314,0.239343350398001,-0.00136480158258509,-0.161213730719333,0.302683279260612,-0.103006049678903,0.062815973301951,-0.020320817961015,-0.000325591563481867,-0.00317554034863163,0.394143888863527,0.0644475301257708,-0.0298573245865656,-3.0421706081461e-05,-0.00369223134618571,0.21154893368505,-0.0726608671200852,-0.0027901121541495,0.136583867089939,0.0550219433707043
"27",-0.0417992115385966,-0.108069289850056,0.378163367586104,-0.103858491308445,0.309670382871572,0.00933334149793697,-0.105178641481314,0.214311186237357,0.0282907649857898,-0.111309310635684,-0.00871520761910407,0.0174879807514167,0.0844409415149956,0.51544738524765,0.111722213274562,-0.00858072884188472,0.000669673447864657,0.0208772230079851,-0.0210049167565175,-0.0286325852358786,-0.00276407047181538,0.0369589397605883,0.136860376029242
"28",0.00129033099453035,-0.286372632285556,0.514719400255077,0.0369905305200338,-0.0236560006311951,-0.00429692675804919,-0.075041617125739,0.163148395539682,0.0310421756713094,0.160041764905267,0.00871492629433079,0.00533298567967127,0.0430399498547855,0.331947332989111,-0.0780866466872109,-7.00905440123786e-05,-0.000227915755959516,0.00998640619594132,0.00903340028127719,0.0127532682771094,-0.00279852198011261,0.198731595991783,0.135945865842579
"29",-0.0811369856027777,-0.152141366968483,0.557797308846342,-0.112604269537962,0.327355966029777,0.0149631008462456,-0.146341014428554,0.279427465307124,0.0241672080947316,-0.186246930060057,-0.0225686010583873,0.0223642129511792,0.101385415272612,0.517321349119416,0.0969234567446361,-0.014963707565289,0.000921729389974628,0.0266238058685511,0.0984294807132837,-0.0452895265255773,-0.00277956110266514,-0.029918214322371,0.0927727562555449
"30",0.00340908725430511,-0.0654843204851101,0.667616255295492,0.117007899987523,0.000209473350311795,-0.00411769154791558,-0.067021064467528,0.181753046702473,0.0320644037911215,0.213675050892311,-0.0220262702580563,0.0021026567714077,0.0134621259869048,0.0880903079579706,-0.0194534792427415,-0.0256020054376294,-0.000147917395281353,0.00191142345287992,0.206719876507052,0.0204865324834966,-0.00280191337857229,0.224470683576976,0.0434094643270344
"31",0.0457888130600363,-0.0163489583448477,0.324808698907953,0.0210599402901081,0.0199042922532595,-0.00375461561103821,0.0370202214722656,0.0282646746094495,0.0354401942973608,-0.0333392868668156,-0.0223826745046145,0.00693527445457648,-0.0874762181369252,0.0948582621171993,0.0523831324248787,-7.00905440123786e-05,0.000820787151806159,-0.0200304245153579,0.0110430121246854,0.0445969406945622,-0.00280096681041011,0.109367460528861,-0.173613614852982
"32",-0.00750061173199434,-0.0787176256667119,0.639879860259903,0.13015301175535,0.0266368394362376,-0.00399828943896402,-0.0552881993185533,0.191055372283868,0.0296289747386078,0.214979208942315,-0.0196594502769173,-0.000991674191437298,-0.00410266611897253,0.213260371790454,0.00141073564023803,-0.0107083884163528,-0.000169698380875672,-0.00373702771937776,0.229053167670663,0.0128410324521835,-0.00280045688468511,0.242902458347173,0.0157636086348452
"33",-0.302214209928924,-0.152694564299483,0.651739355878451,-0.288249788686131,0.47241513869186,0.0108966379046885,-0.353702124774,0.470125139725729,-0.375676692308319,-0.133361304877896,-0.0226931870165672,0.00229990017720645,0.0110523820894112,0.50970183913398,0.189599455163433,-0.0277296650120975,0.000214872789033088,0.00128838136433379,0.131286333016663,-0.26148675817358,-0.00275015489533771,-0.013351913951176,0.0360951443491772
"34",-0.103669466322223,-0.185615585312536,0.481709255751153,-0.129650265279747,0.382346543014625,0.0140652413382146,-0.155086289967224,0.335241418795496,-0.00496028314053532,-0.0744387499898252,-0.0223395953095601,0.0178319390474796,0.0833409531277282,0.519136453412591,0.0241164577590068,-0.0170913671397571,0.000490493230296824,0.0233915031527062,0.0847419300668622,-0.0679847382331107,-0.00278284713823958,0.0258083446156209,0.137590084743853
"35",-0.0342307158531366,-0.106408314561894,0.656196766609788,0.0908013461567707,0.084044429232096,-0.0029245442478614,-0.0717455537328873,0.200357697865263,0.0209278488544997,0.19610530786101,-0.016061044298281,-0.00180689126575819,-0.00939053757902228,0.31965020246008,0.0432497433921448,-0.0256020054376294,-0.000113806736982702,-0.00596918135523131,0.177788175668623,-0.0124489300025127,-0.00278669670074222,0.22962114651936,-0.0117997218369788
"36",0.0521619277694809,-0.0536687454774645,0.400882535231943,0.0511320486731511,-0.0973006992151623,-0.00357619382412339,0.0196102161286541,-0.0135957905068295,0.0361985985664133,-0.132507671073051,0.0222753192695818,-0.00149060890559156,0.010364015513133,-0.41224992895179,0.0214519322027212,0.110568207328328,-0.000104787480190081,0.000438448698567212,0.0225832906454427,0.0574020260206267,-0.0028041041367127,0.0551987067454861,0.0775743752025
"37",0.0549711245969328,-0.121200412018345,0.443713874643496,0.0555495302688445,-0.187731361908857,-0.0048578646940022,0.029612169307526,0.116636767632705,0.0365277722913934,0.198329613391439,-0.019595346522742,-0.00205834826875461,-0.0407639858353195,-0.37082650998727,0.0108571176756513,-0.00219775011848046,-0.000165393071617653,-0.0166136123150674,0.108305036081889,0.054434291814985,-0.00280487136632556,0.244972631554751,-0.0697972385472681
"38",0.0271507997774048,-0.188395524933719,0.455360971471093,0.0322779231784229,-0.157956952710608,-0.00452181363053203,-0.062301214039947,-0.00429346492543417,0.035752977340327,0.226541396341034,-0.00671372174177092,0.0169091588597014,0.063065353158881,-0.198054352422803,-0.143822792637031,0.00631288817939188,-0.000115374891533132,0.012015886473855,0.143206528839635,0.0425981381041003,-0.00280174503507966,0.238090868303306,0.0610265809607609
"39",-0.0390136921516604,-0.0549588523613725,0.76141321054048,0.143684921318446,0.0911998972101107,-0.00180568153594985,-0.0836770007870489,0.274776302516426,0.0163795846742227,0.199169787067027,-0.0190387366920453,-0.000572942549882967,-0.00254438469698429,0.264794679716329,0.00964205160408221,-0.0234743458631613,-9.53631647616413e-05,-0.00257979419236629,0.283921838564741,-0.00607783742559398,-0.00279657377219915,0.226682391511833,0.000655656647747138
"40",-0.0917136566719259,-0.129815017262575,0.547022701420569,-0.126876027304206,0.364122053366304,0.0164896823265845,-0.158907674762086,0.325939093214101,0.0230900770630313,-0.19492490953392,-0.0165127472780371,0.0224001068428984,0.0959035801401067,0.520144770470381,0.0410849485568898,-0.0213466862886932,0.00136612691905967,0.0208182615658043,0.101653238219518,-0.051640870688045,-0.00278082266146193,-0.0787685715766861,0.113034677110874
"41",0.0217977743806558,-0.20476570445468,0.453948039369161,0.0338862112964201,-0.0171142324802707,-0.00387946076713066,-0.0419605004256294,0.153846069958287,0.0334513917866754,0.141925663302549,0.00199893373019241,0.00101317635902124,0.0386873877871638,0.2423780294385,-0.0614017408652337,-0.014963707565289,-0.000164178145476155,0.0193198081381344,0.00783559655336097,0.028174445705986,-0.00280223335532238,0.182374123104574,0.137000995357462
"42",-0.0523331501902818,-0.154429624135733,0.740870634958486,0.0956074068238343,0.17886285276927,-0.00379919076972805,-0.0932695613417959,0.311985604842008,0.00314403892241533,0.0881294138273165,-0.0175658335650817,-0.000228482775117979,-0.00343704146563639,0.288692781170795,0.0206883565614988,-0.0298573245865656,-8.70899048056122e-05,-0.00444535855857645,0.178943861740163,-0.0249548622453633,-0.00279611281118232,0.180290969276742,0.0454473443443134
"43",-0.038736857509081,-0.150624887494734,0.424157007446682,-0.0644945288054435,0.191806124090569,-0.00142448424292731,-0.0899936302601516,0.205008860655961,0.0280695041841748,0.0515255055221919,-0.0194539141762478,0.00209807126556143,0.014723913801796,0.495382772561557,0.0638026093730326,-0.0170913671397571,-5.99818546981708e-05,0.00235109446205711,-0.0246558906612721,-0.0261825042995923,-0.00279177971730392,0.106276337269235,0.0852403566370245
"44",0.00209461066331362,-0.0643531001871149,0.770320584242817,0.155855764044843,6.94512861067476e-05,-0.00423680716960341,-0.0416003804922522,0.237567000190845,0.0317486513165742,0.212363236963594,-0.0217912716700933,-0.00036897190257615,-0.000259117520785251,0.0821278173713707,-0.0193517634628431,-0.0277296650120975,-0.000165552038468591,-0.00249573664690092,0.269355891598905,0.023730386736016,-0.00280256182749358,0.245733783663726,0.0290059762552716
"45",0.0520708041973169,0.291935073240922,0.497923135274549,0.10822834473101,-0.0510213397478378,0.00258913510175761,-0.0838043783970551,0.0654739769350309,0.0360947928475935,-0.146577701792611,0.10912445807622,0.116888045211732,0.289634647357805,-0.0448134304962279,-0.27931291893599,0.602057569030456,0.0193642696420078,0.0633781600575909,-0.145836071099503,0.0621550355719506,-0.00280459574368064,0.0359013892430513,0.178592160063005
"46",0.0284115950558849,-0.256981644366442,1.18252574803632,0.122058751670947,0.0114965344145086,-0.00459614313119943,0.00289308586806791,0.0840786280978216,0.0344850787545313,-0.167432675265259,-0.0143810507391722,-0.00134379848463742,0.0173820507494638,0.186831515607116,0.105681448225765,-0.0192190267142251,-7.03645010462364e-05,0.00859114495701011,0.128145505568521,0.0425434025759411,-0.00280384617573813,-0.0985620893047477,0.244409165269577
"47",0.00954445377455804,-0.102129872152361,0.609484724531056,0.123592330836328,-0.04299615718687,-0.00429084527283816,-0.0272715393517092,0.172450721121077,0.0320185423853543,0.227225270292197,-0.0189904141667675,-0.000515116193739801,-0.00906675879528121,0.0323932220903473,-0.0574645843315362,-0.0234743458631613,-0.00017877910480064,-0.00506457185616602,0.199073105560729,0.0227785595518475,-0.0028012574252545,0.236022722367859,0.00974920604322238
"48",0.0507568088673158,0.11046421435365,0.438197831955994,0.0637823084722818,0.00735018095064605,-0.00457853192453247,0.0300903492690658,0.0189623490280542,0.0358730208449735,-0.108204154488658,-0.0225089389037261,0.00547140942208251,0.0506815937947687,-0.257348738943413,0.0930239479207973,0.0041852286049238,-9.07067727617787e-05,0.026046336685541,0.0529909487814751,0.0595709152723778,-0.0028049842992188,-0.23683342046792,0.185216457894592
"49",0.0407607438025279,-0.156590961934719,0.4449025179641,0.00936731496688159,-0.204871197382706,-0.00490008427836145,-0.0700672420648343,0.0329158374001472,0.0364048093774447,0.106119121833968,-0.0147191350631872,0.0312339483649142,0.109717038076386,-0.350263581563107,-0.167684448968228,0.0148235264772642,0.000908760405246281,0.0196765830837493,-0.0213642712895928,0.0530397914674559,-0.00280375018340071,0.152932953916919,0.19553317196047
"50",-0.421898864098613,-0.153053626016693,0.449325015697648,-0.3661285907806,0.404017712773977,0.0464376332424632,-0.50339848835734,0.474776302516426,-0.790059687991646,0.0286477373849358,0.0177475151192248,0.00131632834232134,-0.0243326231951442,0.503554178107311,0.226120357432354,-0.0319849841610337,-0.000112492937488135,-0.00349627214979337,-0.0974285125621981,-0.422824139390471,-0.0023537111170559,-0.182594032120105,0.0374383675634332
"51",-0.0176597794694947,-0.00100504695136061,0.352070333381254,-0.0489254461908019,-0.0931986890258806,0.164535860113866,-0.332233998889955,0.079427465307124,0.0346479583435682,0.0363729931337498,-0.0111382148675997,0.181194435365233,0.31647648088216,-0.0889063601892768,-0.116728724302981,0.293546930732583,0.0127509071557926,0.0277872800323326,-0.0620662347398601,0.0231385718611808,-0.00273558747575537,0.13073546973705,0.120869217038241
"52",-0.0632433191390628,-0.15231535867551,0.718320149745115,0.0506144834325506,0.106024598112643,-0.00188481986110162,-0.101243498578811,0.284078628097822,-0.0334010602429682,0.180348089453902,-0.0193759766821943,0.000767550328561406,-7.34548345809327e-05,0.268508511502251,0.0491009222965699,-0.0256020054376294,-9.65913908052163e-05,-0.00180607131165914,0.112763943112563,-0.040464858630224,-0.00277384791549377,0.204169610133895,0.0115874320381327
"53",-0.151664324619117,-0.0140210300028715,0.405832985515892,-0.167726356804737,0.455047994815207,0.0680688632641215,-0.303495370938684,0.335241418795496,-0.0082212670183921,-0.135406668076492,-0.0197818638177626,0.0436783289831121,0.13863891070335,0.524919380196995,0.133900779922867,0.0041852286049238,0.00133033639695488,0.0196962454430871,0.11687819460971,-0.113710301869513,-0.00266155174002841,0.00639170665674293,0.0743577603911004
"54",-0.175354181380375,-0.280254274695647,0.642158581957206,-0.0929944844557494,0.335995643127502,0.0014287588768191,-0.155261378554504,0.353846069958287,-0.193477262759221,0.0334830809188258,-0.0205126771569259,0.00310836155507636,-0.0261843705694946,0.478726806820902,0.101462671775433,-0.0298573245865656,-6.87202104133148e-05,-0.0076294267997977,0.15250001882351,-0.110051579092531,-0.00278276608126579,0.100742759172216,-0.0293327997967866
"55",-0.190348771617123,-0.286933950103465,0.613542850599679,-0.165576587688348,0.389798371179304,0.339448826744247,-0.187088765778148,0.139892581586194,-0.219322594938941,-0.00294127882531717,0.0530448553640962,0.0955295672747161,0.151091436805954,0.527129910989415,-0.0841756620332781,0.0829086328602429,0.00256187134162678,0.00805920755514714,0.0722547972232713,-0.137795765474164,0.00109125666968988,0.118928454741114,0.237003469007313
"56",0.0351908626029136,-0.273578590458804,0.787117476381657,0.119951790832293,-0.153732185751504,-0.00449978042024742,0.0140897117758993,0.0701251397257286,0.0350362392504792,0.268557453195734,0.00179708390204081,-0.00246114663524507,-0.0195513498582776,0.0290623951925306,-0.0866027095529975,-0.00219775011848046,-0.000236991464443287,-0.00807049424725526,0.138135170652849,0.0418516899271356,-0.00280424026886313,0.234226382603078,-0.0309925683415211
"57",-0.413084401134849,-0.264745887106795,0.471840155146823,-0.391909915899707,0.559647931946002,0.116238388698035,-0.345951396330268,0.470125139725729,-0.56946447750002,-0.096264993070077,-0.0190975180840252,0.042421124874269,-0.205753564321003,0.528447979833757,0.148613801390864,0.110568207328328,0.0140874235446694,-0.107100706914684,-0.0879994969759145,-0.414692337061986,-0.00151776777702221,0.0110718335120326,0.00749172794289565
"58",-0.137434002684339,-0.320172436128969,0.540173480874784,0.0292919272673757,0.141328914915188,0.0112226964059049,-0.112350400357201,0.256171651353636,-0.219255124312042,0.265690115124382,0.00668055201843548,-0.000498237186705447,-0.0292392296812305,0.503262738119817,-0.0640507024526152,-0.014963707565289,-7.84932030481068e-05,-0.00978111697725703,-0.0172877696140611,-0.112967846022036,-0.00270575534352137,0.20401261758982,-0.0144078593153475
"59",-0.179887726805489,-0.323121651915558,0.522016299227183,-0.0148283939266666,0.206410710976513,0.030809159218558,-0.135619683189869,0.237567000190845,-0.276025412927223,0.221374817390671,-0.00302236937752121,0.00380000436775259,-0.044448667061167,0.518996819538673,0.064385805763119,-0.0213466862886932,-6.26066729525028e-05,-0.00469286436212787,-0.0474495138824967,-0.159984297283564,-0.00254472818145617,0.184176207857886,-0.104122352181169
"60",-0.346132060382131,-0.252191086693683,0.472382268534293,-0.346210442858691,0.545216829477731,0.10389798875643,-0.342008389317667,0.353846069958287,-0.420268713687197,-0.18536710359104,-0.0147692461614852,0.0416592849412637,0.048870856401129,0.530539932450565,0.0373855239913276,-0.0128360479908209,0.0012473217816654,0.00226790089251797,-0.0645331702971244,-0.336878617854688,-0.00255913147511215,-0.066241869918011,0.0730597039636363
"61",0.0245262899239704,-0.30766877673215,1.83859430628305,0.178296042367929,0.0223099737540463,-0.00461694808949418,0.00536048392796951,0.0561716513536356,0.0342987606126266,-0.16873591113845,-0.015418175873044,-0.00157445807039587,0.0155468982857181,0.123873305660186,0.0734282338169377,-0.014963707565289,-7.77899511358823e-05,0.0075871775135252,0.228758701266244,0.0450253390407057,-0.00280430545041739,-0.115326652174372,0.234211793883326
"62",0.0622337793468544,-0.0506397944888232,0.747773128937494,0.0901802713280853,-0.258988241945294,-0.00489274558181008,0.0242808528268643,-0.0322004416696202,0.0370208759626953,0.298514153394608,-0.020431010511708,-0.00488291019126887,-0.00455554062246905,-0.400731307784695,-0.113312866399882,0.0041852286049238,-0.00024395785822074,-0.0038645293306975,0.15123888459885,0.0599299601764092,-0.00280502977835417,0.284742840563058,0.0289935122694506
"63",0.0101515935675581,-0.356821847188836,1.25013552154547,0.145867131050399,-0.0633243046606377,-0.00437808054727011,-0.0122467972806422,0.18640420949317,0.0311320617047338,-0.0248552611064837,-0.0123237970738295,0.00114446204979949,0.0451997551627362,0.143121730552353,0.00415806257356588,-0.0256020054376294,-0.000108442307367034,0.025199658817506,0.144236809182386,0.0304734499819362,-0.00280261758562332,0.0835484059505304,0.285980681929797
"64",-0.0941558840640806,-0.112033712441717,0.699697980925197,0.0624844082860551,0.171438265760296,-0.00227659715360778,-0.158659930316018,0.321287930423403,-0.0912678655744337,0.170224540995089,-0.0224554181575183,0.00183779624711537,-0.00456426005597738,0.292851820885063,-0.0351675772531131,-0.0319849841610337,-0.000151404273959648,-0.00208070248698972,0.231628041769688,-0.054182935442287,-0.00278872993609084,0.186033452717205,0.0231132434186635
"65",-0.045683570978769,-0.0679476314193128,0.737312849419763,0.112410739605349,0.120402117435992,-0.00276374446149329,-0.0848751108069929,0.24686932577224,0.0173660640158845,0.188181278108211,-0.0182543832063383,-0.0020581289441406,-0.0127528222975082,0.227359359647689,0.030798946619418,-0.0277296650120975,-0.000193595733837743,-0.00784934007129412,0.278577006839372,-0.00910924753124986,-0.00279733681068369,0.219603370659158,-0.0164113499853332
"66",-0.177551343975588,-0.179141469671599,0.548267886871327,-0.104976497330554,0.368855347682246,0.0479960023817196,-0.203658765209131,0.349194907167589,-0.204817087408653,-0.00805276191660023,0.00310776576039551,0.0216050030304974,0.0463625693496334,0.491122811397682,0.0127587999707959,-0.0213466862886932,0.000331051854256725,0.00556799857179602,0.18596404075418,-0.124000591033719,-0.00253051923932615,0.088760963398381,0.117115020698316
"67",0.0333453347487873,-0.267888282689369,0.570697929672992,0.0967301610603158,-0.164685296961443,-0.00412147441223304,0.0133083055849496,0.0329158374001472,0.0354951431135193,0.289233178994732,0.0150309344366075,-0.0029762830677268,-0.0146441386544195,-0.053965572619079,-0.0673422512069216,-0.00645306926741663,-0.000226985901565421,-0.00437338952658878,0.0461172333849352,0.0385028926985225,-0.00280062192882789,0.268448633013051,-0.0232545142863551
"68",-0.189814035045167,-0.271745384912117,0.595707849263671,-0.17732309512733,0.383208873814847,0.333863817717692,-0.19507464276284,0.158497232748984,-0.220841166575384,0.015889610680379,0.0438669766019814,0.0897824758488546,0.153461944386529,0.521091200028684,-0.0921347176923604,0.0786533137113068,0.00253709449649018,0.00909947589556173,0.0870999407617717,-0.137564477723218,-0.000318945286096179,0.11067021751142,0.213286102039264
"69",-0.22960139747824,-0.210280162769836,0.480238695418414,-0.291519484191879,0.480923706091852,0.0594881802455943,-0.276567412892813,0.349194907167589,-0.197146394251699,-0.167128342581585,-0.0203897640744624,0.0190845683660484,0.0699017596911339,0.528041327478088,0.124563118662915,-0.0213466862886932,0.000507749522189827,0.0107462952702029,-0.0360844542732601,-0.198970317448637,-0.00268189759396265,-0.116832791464879,0.120534967534451
"70",0.0348491620568926,-0.270468128122049,0.976571895186132,0.1056007445638,-0.0921734935262152,-0.00424924379627572,0.0112585666003814,0.0375670001908449,0.0349860067933253,-0.0280357399456566,-0.0134003148716881,-0.00234778387151691,0.0168558637898122,0.0505287719400865,0.0366509188790276,-0.0192190267142251,-0.000117725138053152,0.0112672193670464,-0.159196796151807,0.0327548749771008,-0.00280341984228112,-0.283191571378808,0.0337204043864072
"71",-0.196036692462296,-0.145288846673752,0.442809314261112,-0.271806069037313,0.494155225879099,0.0412374447096475,-0.258027202886721,0.42826467460945,-0.0837181170199612,-0.145345305127394,-0.0221432006241577,0.0501940162947,0.144775780498452,0.527446777857963,0.0734725012552559,-0.0107083884163528,0.00215761769684281,0.0176999154722598,-0.0672070602686214,-0.170983100320083,-0.00267948111624804,-0.0196730609028546,0.0859859028033391
"72",-0.158944193415091,-0.0717818517484806,0.4042552055115,-0.205456415067006,0.451571820837738,0.0526091364828251,-0.293072590245707,0.372450721121077,-0.0223698228487005,-0.139520792282103,-0.0203682174673342,0.0355415472913019,0.118878517527082,0.518289799440455,0.0808871423274505,-0.00858072884188472,0.000917345008525369,0.0150184896674959,0.133555041981524,-0.113666553412451,-0.00275153369903015,-0.0131129552568061,0.102034137242926
"73",0.00517150491071905,-0.0771515800196495,0.730477519934137,0.150768536075223,-0.0113703492090544,-0.00419199482471105,-0.0442138074631662,0.209660023446659,0.0317814277747106,0.216340472419368,-0.0218601328560396,-0.00101048794738921,0.00247851310549152,0.00716261341776897,-0.0374387753588192,-0.0107083884163528,-0.000186620775623158,-0.00152726347521451,0.231067009141971,0.0223688113557359,-0.0028026169813345,0.240651637530782,0.0395011702078375
"74",0.00417894280819275,-0.370910357315212,0.706318727958912,0.127964383426399,-0.141391104737728,3.45082178486002e-05,-0.0367198659360719,0.172450721121077,0.0304064442221008,0.156188587297721,-0.00412142388899221,0.00492098289238657,0.0677219775647825,-0.0201421842027161,0.378840573512261,0.00631288817939188,-4.76206600255002e-05,0.0329650636588286,-0.00196340729522737,0.0167710938324761,-0.00277644409093856,0.202024094784865,0.214549654270778
"75",-0.147111670040792,-0.222774459226603,0.651013609324928,-0.0884485542022265,0.357917091381968,-0.000512896115581898,-0.14810404640351,0.330590256004798,-0.115252909561582,-0.0494701683448077,-0.0213338799550857,0.000365594146464648,-0.0118328532680185,0.492330399181911,0.0846893952929147,-0.0277296650120975,7.38737943590985e-05,-0.00575476177479017,0.135192646149255,-0.0992152005285697,-0.00278695828969027,0.0673190131414126,0.0171973631524481
"76",-0.180309803041207,-0.0245875688008341,0.40407530559818,-0.193523556518951,0.470359590949452,0.078978683824268,-0.330695356352868,0.316636767632705,-0.0481114509062961,-0.142399999002397,-0.0213703149895957,0.0396294487250001,0.12967615951858,0.524835824077476,0.131981747073136,-0.00858072884188472,0.00108895774239874,0.0138975046039604,0.121840458575949,-0.139742821617418,-0.0026401411746462,-0.00172715375662502,0.0838863992396693
"77",-0.0472111000502708,-0.0820679904205666,0.711020758120442,0.136458725762772,0.0808382611971086,-0.00213844477383879,-0.0887818839743446,0.237567000190845,0.00325847938759716,0.201280931532886,-0.011771793329651,-0.0012658148876781,-0.00529582363452374,0.239063829624288,0.0215552410375184,-0.0234743458631613,-0.000164287724738959,-0.00404767289548283,0.267486949438395,-0.0135528628710313,-0.00279388044107013,0.228413301688951,-0.0121170529481374
"78",0.0525394364656236,0.301790063400525,0.486520326177463,0.11462993738046,-0.0483430348300848,0.00267294919790592,-0.0832699714947002,0.158497232748984,0.0360960509321014,-0.145805561343299,0.108486209768412,0.116951050114315,0.289725783162337,-0.0388234136659643,-0.279625318381972,0.602057569030456,0.0207434831951752,0.0575864785550323,-0.158912580710425,0.0621856748889171,-0.00280462301266113,0.0364647968151703,0.176857663799314
"79",-0.387021419642091,-0.344107143175158,0.684351742857623,-0.310825586372652,0.510007577599279,0.0209020558923855,-0.295858877664617,0.502683279260612,-0.479712066897747,-0.0694905605855674,-0.0210934524389412,0.00345404852098587,0.0169172223688085,0.530668275935544,0.168387005609638,-0.0277296650120975,0.000102703546591615,0.00274596975668426,-0.115375322304014,-0.362323499676668,-0.00262578804912169,0.0251920290683424,-0.0749492107565006
"80",-0.197238527672845,-0.249752095844078,0.536207319132131,-0.165794601724423,0.392426185389834,0.36531030863301,-0.211349637282172,0.093380953679217,-0.229762689810647,0.00493064254210174,0.0346906915141588,0.105588765022426,0.182640739399583,0.523879482067684,-0.0381905853151473,0.212695866902796,0.00205127252764301,0.0163102580910482,0.0632710481199737,-0.151944070625906,0.00122083156430982,0.117238379321581,0.22045639671468
"81",-0.110877039681114,-0.183557042070359,0.464055858752585,-0.155575504760001,0.357367226089716,0.0189225592014752,-0.168605863814725,0.288729790888519,0.0150420234037226,-0.183971039789872,-0.0208283553437581,0.0230684256047333,0.103120121926051,0.52152246387105,0.0918896149432378,-0.0213466862886932,0.000456377952578575,0.0284684119124108,0.0592461798354992,-0.0778675110720812,-0.00275759498865303,-0.0273334773319636,0.0894159499318372
"82",-0.417255309366033,-0.274987952840796,0.480733570899639,-0.393182602307575,0.559852398626453,0.107131444800903,-0.356170640668796,0.50733444205131,-0.575045031799832,-0.0318005631765144,-0.018279780612758,0.039743522871607,-0.182833254012648,0.53091958085419,0.048896195311473,-0.00858072884188472,0.00536252087476589,-0.0308247753751545,-0.109708386097337,-0.416941346610219,-0.00248069418598354,-0.00226186171747889,0.0068189963431754
"83",-0.0383716495904888,-0.0728076205327388,0.721156783565039,0.113003403758755,0.0915008862002534,-0.0029795626953341,-0.0805455419221843,0.22826467460945,0.019574229884027,0.187187816509884,-0.0164443457970885,-0.00185031967720952,-0.0124113269825888,0.246219893437134,0.023783527093352,-0.0277296650120975,-0.000113472975741289,-0.00705323740103309,0.242780776253277,-0.00972762187150034,-0.00279607750990459,0.214307239657646,-0.0208577354540145
"84",0.0222930062594741,-0.178783173568656,0.800794763026939,0.0999562724982943,-0.113521190586322,-0.00470073196847468,-0.0404232702653227,0.0887297908885193,0.0352856790022482,0.272308783176504,-0.0223447133848164,0.00010031333726414,0.0134705266556451,-0.136905731425244,-0.0258188073611195,-0.0170913671397571,-0.000240446818002956,0.00456643456438829,0.0826798166664516,0.0362073502913406,-0.00280367746226133,0.265215410329236,0.048374681948575
"85",0.0424534291152764,-0.0472998467889956,0.345122211275721,0.0117020532940455,0.0249469481228557,-0.00355052198373922,0.0324158065011757,0.0329158374001472,0.0352486668510593,-0.036818987122699,-0.0226059076827821,0.00668925456994168,-0.0873116648818216,0.113739140356103,0.0477875104254128,-7.00905440123786e-05,0.000787552568515626,-0.0201274389378808,0.00632937088949742,0.0419013339848928,-0.00279973211072716,0.107663994522317,-0.173152280877244
"86",0.016021542141298,-0.268186672378184,0.549007943518736,0.0538481000603941,-0.020274559586481,-0.0040049179621648,-0.0400843832783032,0.130590256004798,0.0324024570159005,0.00753327416204411,-0.0137936352495461,0.00352338009712325,0.0409377442884965,0.28842537203124,-0.0500801957922581,-0.0192190267142251,-0.00013644159488031,0.016011250525644,-0.0124214188630104,0.0234702976809509,-0.00280099021187268,0.104651247773673,0.221151315766647
"87",-0.226241458314454,-0.0721913108019266,0.547267399943823,-0.224844096250936,0.459054162153175,0.0353124706962117,-0.346850866475011,0.470125139725729,-0.203975459776594,-0.044725935494951,-0.0198054138835182,0.0178397728582663,0.0605724517370125,0.509136581801875,0.187028230489795,-0.0256020054376294,0.00123724198192743,0.0062242753261316,0.142876663792923,-0.187792925588281,-0.00276062414179049,0.024664205444071,0.0396427047875643
"88",0.0491605785623728,-0.137079681123681,0.423532519408992,0.030769381986578,-0.107405652370476,-0.00447985005092969,0.0305990537096464,0.0515204885629379,0.0351264522125375,0.0785835398088747,-0.0141326029076585,-0.00359674270511105,-0.0210896485338816,0.0441261284759637,0.0646293759241068,-0.0128360479908209,-0.000177611978066068,-0.0109713241727771,-0.141651966775543,0.0459748114118848,-0.0028036455350869,-0.353692061069103,-0.0579388862466768
"89",-0.134890765781972,-0.323391468667878,0.561571057631884,-0.0445356296945984,0.202913152095296,0.0119165785009749,-0.118773523901213,0.191055372283868,-0.196900685706433,0.228462535717912,0.00180587535966753,0.00212129030968696,-0.023646429812282,0.516185810521183,0.0438234341303446,-0.0213466862886932,-0.000101111422283011,-0.00419899390847669,-0.0576740343454379,-0.113586918779256,-0.00270780242741486,0.1633704291551,-0.0269347911002656
"90",0.0443589361382392,-0.200563886395489,0.56248550134935,0.0627438982602566,-0.118306241956045,-0.00475743452856053,0.0224754001606945,0.0375670001908449,0.0352882182164687,0.0672202949055451,-0.0111301458678931,-0.00347684455961197,-0.0288616872414862,0.0340989206428806,-0.0594453719682634,-0.0128360479908209,-0.000196926717948482,-0.0147863823151842,0.0162746806573113,0.0457644191108895,-0.00280432479594349,0.144135350431741,-0.28328193272664
"91",-0.311529769969629,-0.199410233182437,0.425006688827788,-0.325815027534208,0.537830288118918,0.018978545509021,-0.391131441184445,0.456171651353636,-0.36336898924891,-0.0453733684449706,-0.0212257434598263,0.0122132647064611,0.0454299353024348,0.526756390646344,0.176010242396406,-0.0298573245865656,0.000134847632965005,0.00906132336660684,-0.0241513616390881,-0.288463587782574,-0.00272193340659316,0.0204650873323541,0.0858089508278939
"92",-0.133790749713903,-0.0209197284664649,0.397319801138496,-0.158832622155608,0.437551424527569,0.0554263081626031,-0.271656481791394,0.316636767632705,0.00471217519186451,-0.138495039662667,-0.0227476692262523,0.0399607717775615,0.134610403162168,0.523578183109451,-0.0120282960128211,0.0041852286049238,0.00113349212226618,0.0202530262855289,0.115853742615904,-0.0967828080623298,-0.00272267614182867,-0.00117216381021013,0.0878137302258051
"93",0.0366458948790579,-0.27493531666994,0.997067205784855,0.112973213697607,-0.0979191537369717,-0.00441123487428381,0.0134315187387583,0.00966002344665885,0.0351761593968425,-0.01911195554377,-0.0132622927815138,-0.00248264860680746,0.0169027993090691,0.0631053751536462,0.0333088393835041,-0.0192190267142251,-0.000111365342366894,0.0116595665467515,-0.150435636849937,0.0348629167505127,-0.00280380762105588,-0.289525335193654,0.0316655742248052
"94",-0.135264657886355,-0.138404059604385,0.737912570954042,0.00495325236524613,0.296068379710646,0.00251361908635661,-0.180747312916213,0.330590256004798,-0.106359818618374,-0.0216549776756448,-0.0133790349033014,0.00144379264027131,0.00454258303744598,0.383551596785007,0.0427809631724578,-0.0298573245865656,0.000109031561096575,-0.00125933713820245,0.216733774601203,-0.0851436836662262,-0.00277239313694912,0.106200653593665,0.0805431785296826
"95",-0.207241285279178,-0.328928195270664,0.540796695936957,0.000193209883447065,0.198918831261398,0.0338370862953171,-0.15349361222542,0.218962349028054,-0.31096865983618,0.249475559505734,0.00679013221992069,0.00348024281882743,-0.049814137957927,0.516903399838805,0.0194095958017674,0.0361001222219451,2.56850910646504e-05,-0.00537472518302567,-0.0102395725620101,-0.173235923572108,-0.00241944858403686,0.221299882887324,-0.0962787944117237
"96",0.0180903279353414,-0.24196746325326,0.722280993658136,0.0551268145985425,-0.149096784855085,-0.00463488191315907,-0.0918852530638993,0.0608228141443333,0.0358344171531317,0.173539400288051,-0.0145785159651526,0.035762328771702,0.113201908234687,-0.22491899069042,-0.150204837418971,0.0318448030730089,0.000461788314988745,0.0182472389408957,0.105370003603969,0.0438092894584755,-0.00280323372816619,0.229211134496087,0.0999587758441385
"97",0.0424553356598191,-0.180847785551514,0.520763293106336,0.0496715569699529,-0.069475476177572,-0.00426149000559816,0.0255990743745832,0.130590256004798,0.0341959025112359,-0.0713812211308932,-0.0183679423366631,-0.00162364171306303,-0.0111627731802788,0.211534857748217,0.137120547481146,-0.00858072884188472,-5.32424042800817e-05,-0.00650656706628897,-0.146622623603177,0.0371593782643587,-0.0028024571767737,-0.238371308785042,-0.0804323739322309
"98",-0.0132168999212572,-0.16844414002703,0.452967979525263,-0.038824480157062,0.165543718422943,-0.00340686330380684,-0.0580460197315249,0.158497232748984,0.0319817846731832,-0.00719896092081079,-0.0220570376489866,0.00236659845520694,0.0260844595659871,0.496538282952652,0.157486748548377,-0.0234743458631613,-0.000122675612241432,0.00819994162487847,-0.0387813466509886,-0.00294169938706601,-0.00279783189956741,0.0861757266502585,0.0580814264008529
"99",-0.0561998380248943,-0.0987155047342185,0.726625906232919,0.12588963602806,0.140363788740716,-0.00138343127030111,-0.0959569798365824,0.265473976935031,-0.0105002134455096,0.182957891081177,-0.0156719765907603,0.000918443788883451,-0.00503153561287409,0.218615897848394,-0.0373920539008096,-0.0256020054376294,-0.000195322643694551,-0.00310254902629231,0.242147890645087,-0.0230273568529723,-0.00279063791953446,0.209821426563427,0.00875394114454886
"100",-0.0489643858335026,-0.156786727883585,0.680994001325658,0.0905014345181274,0.137874370442772,-0.00380110799449319,-0.0943307582737409,0.349194907167589,0.00115755861982847,0.128506196113722,-0.0185483809540856,0.000242757517021542,0.00500971508562603,0.376118233890564,-0.0323981210951973,-0.0256020054376294,-0.000100027153920169,-0.00159660148641569,0.157470947974309,-0.023908819444739,-0.00279779239063851,0.174567229239937,0.0665741918827298
